right_eyebrow_1_red,right_eyebrow_1_green,right_eyebrow_1_blue,left_eyebrow_1_red,left_eyebrow_1_green,left_eyebrow_1_blue,right_eye_1_red,right_eye_1_green,right_eye_1_blue,left_eye_1_red,left_eye_1_green,left_eye_1_blue,right_cheek_1_red,right_cheek_1_green,right_cheek_1_blue,left_cheek_1_red,left_cheek_1_green,left_cheek_1_blue,mouth_1_red,mouth_1_green,mouth_1_blue,nose_1_red,nose_1_green,nose_1_blue,jaw_1_red,jaw_1_green,jaw_1_red,label
48.0,40.0,200.0,103.0,91.0,205.0,-1,-1,-1,-1,-1,-1,219.0,185.0,174.0,191.0,169.0,194.0,116.0,53.0,157.0,109.0,97.0,217.0,136.0,113.0,190.0,spring_bright
85.0,73.0,194.0,60.0,52.0,204.0,53.0,46.0,157.0,-1,-1,-1,231.0,210.0,210.0,226.0,203.0,202.0,121.0,58.0,167.0,74.0,66.0,226.0,137.0,116.0,193.0,spring_bright
-1,-1,-1,50.0,43.0,210.0,54.0,45.0,172.0,21.0,17.0,226.0,195.0,171.0,161.0,232.0,209.0,206.0,103.0,64.0,178.0,45.0,39.0,236.0,120.0,103.0,204.0,spring_bright
61.0,54.0,171.0,66.0,57.0,220.0,22.0,17.0,226.0,-1,-1,-1,243.0,224.0,225.0,215.0,218.0,227.0,131.0,75.0,168.0,112.0,101.0,223.0,145.0,130.0,211.0,spring_bright
38.0,29.0,202.0,76.0,63.0,199.0,26.0,22.0,233.0,45.0,39.0,216.0,173.0,134.0,113.0,213.0,174.0,148.0,124.0,72.0,166.0,90.0,77.0,218.0,115.0,92.0,177.0,spring_bright
82.0,69.0,164.0,27.0,21.0,200.0,-1,-1,-1,-1,-1,-1,210.0,183.0,176.0,201.0,173.0,159.0,100.0,61.0,155.0,67.0,57.0,221.0,107.0,88.0,180.0,spring_bright
98.0,82.0,191.0,79.0,63.0,182.0,79.0,64.0,148.0,76.0,63.0,138.0,233.0,202.0,185.0,231.0,199.0,181.0,128.0,79.0,158.0,71.0,58.0,215.0,155.0,128.0,179.0,spring_bright
54.0,43.0,201.0,16.0,13.0,241.0,38.0,33.0,226.0,-1,-1,-1,232.0,206.0,200.0,209.0,183.0,189.0,91.0,60.0,197.0,100.0,86.0,221.0,133.0,113.0,201.0,spring_bright
63.0,48.0,156.0,55.0,43.0,187.0,17.0,12.0,212.0,38.0,26.0,173.0,220.0,183.0,165.0,199.0,158.0,135.0,107.0,67.0,166.0,83.0,68.0,214.0,117.0,92.0,173.0,spring_bright
-1,-1,-1,16.0,12.0,241.0,-1,-1,-1,26.0,19.0,154.0,166.0,122.0,77.0,61.0,47.0,173.0,72.0,39.0,156.0,67.0,53.0,210.0,86.0,67.0,171.0,spring_bright
112.0,93.0,181.0,74.0,60.0,184.0,49.0,41.0,206.0,42.0,35.0,213.0,235.0,209.0,197.0,224.0,192.0,176.0,112.0,75.0,181.0,97.0,82.0,216.0,130.0,108.0,192.0,spring_bright
63.0,53.0,191.0,32.0,27.0,132.0,31.0,30.0,193.0,40.0,37.0,151.0,195.0,162.0,151.0,231.0,207.0,198.0,107.0,66.0,152.0,44.0,36.0,227.0,135.0,113.0,184.0,spring_bright
25.0,16.0,190.0,88.0,67.0,157.0,-1,-1,-1,52.0,40.0,182.0,237.0,208.0,196.0,126.0,101.0,165.0,116.0,66.0,161.0,79.0,63.0,210.0,135.0,110.0,195.0,spring_bright
72.0,59.0,175.0,30.0,25.0,226.0,23.0,20.0,204.0,-1,-1,-1,214.0,182.0,168.0,162.0,130.0,118.0,63.0,40.0,183.0,85.0,71.0,206.0,103.0,84.0,174.0,fall_mute
97.0,72.0,161.0,60.0,40.0,152.0,64.0,48.0,142.0,37.0,27.0,170.0,169.0,124.0,96.0,208.0,172.0,140.0,93.0,57.0,141.0,53.0,40.0,205.0,116.0,89.0,151.0,fall_mute
84.0,64.0,187.0,-1,-1,-1,73.0,54.0,181.0,67.0,48.0,171.0,241.0,206.0,193.0,232.0,198.0,183.0,91.0,60.0,196.0,97.0,80.0,217.0,139.0,116.0,201.0,fall_mute
85.0,74.0,178.0,52.0,43.0,163.0,85.0,73.0,155.0,24.0,20.0,199.0,231.0,207.0,208.0,228.0,207.0,204.0,107.0,71.0,187.0,51.0,44.0,236.0,152.0,133.0,202.0,fall_mute
66.0,58.0,208.0,132.0,114.0,179.0,-1,-1,-1,25.0,19.0,193.0,204.0,177.0,157.0,235.0,209.0,186.0,118.0,80.0,150.0,96.0,82.0,207.0,112.0,93.0,169.0,fall_mute
99.0,79.0,159.0,109.0,86.0,170.0,98.0,86.0,168.0,82.0,69.0,180.0,244.0,218.0,203.0,248.0,225.0,208.0,142.0,99.0,183.0,91.0,77.0,224.0,161.0,138.0,200.0,fall_mute
88.0,74.0,185.0,124.0,104.0,182.0,-1,-1,-1,37.0,28.0,203.0,242.0,218.0,191.0,240.0,214.0,188.0,128.0,85.0,157.0,78.0,67.0,222.0,135.0,114.0,186.0,fall_mute
73.0,55.0,160.0,43.0,36.0,223.0,60.0,45.0,173.0,-1,-1,-1,58.0,48.0,231.0,209.0,178.0,171.0,91.0,55.0,177.0,50.0,42.0,235.0,120.0,100.0,184.0,fall_mute
77.0,66.0,199.0,85.0,74.0,198.0,71.0,60.0,193.0,109.0,93.0,166.0,224.0,203.0,198.0,210.0,188.0,181.0,111.0,86.0,180.0,83.0,73.0,221.0,121.0,106.0,192.0,fall_mute
82.0,57.0,184.0,80.0,64.0,214.0,96.0,74.0,162.0,98.0,81.0,186.0,237.0,216.0,213.0,211.0,171.0,163.0,127.0,50.0,148.0,51.0,44.0,237.0,135.0,105.0,183.0,fall_mute
90.0,76.0,165.0,58.0,49.0,172.0,31.0,26.0,198.0,-1,-1,-1,208.0,186.0,197.0,209.0,187.0,182.0,112.0,73.0,182.0,65.0,56.0,227.0,136.0,118.0,194.0,fall_mute
43.0,31.0,193.0,-1,-1,-1,19.0,15.0,232.0,-1,-1,-1,149.0,134.0,195.0,127.0,99.0,148.0,54.0,32.0,175.0,64.0,52.0,209.0,96.0,78.0,182.0,fall_mute
28.0,20.0,216.0,91.0,72.0,177.0,25.0,19.0,213.0,24.0,19.0,221.0,210.0,179.0,158.0,213.0,186.0,169.0,117.0,86.0,168.0,81.0,70.0,224.0,119.0,99.0,185.0,fall_mute
68.0,53.0,172.0,73.0,57.0,172.0,57.0,44.0,167.0,-1,-1,-1,231.0,194.0,170.0,237.0,202.0,180.0,118.0,77.0,165.0,80.0,65.0,213.0,137.0,111.0,168.0,fall_mute
45.0,39.0,203.0,-1,-1,-1,35.0,30.0,201.0,23.0,20.0,219.0,186.0,168.0,175.0,166.0,150.0,156.0,68.0,44.0,184.0,49.0,44.0,227.0,96.0,85.0,191.0,fall_mute
57.0,47.0,191.0,115.0,100.0,187.0,58.0,44.0,167.0,90.0,76.0,151.0,215.0,185.0,181.0,223.0,189.0,175.0,108.0,75.0,171.0,109.0,93.0,214.0,129.0,109.0,184.0,fall_mute
72.0,51.0,133.0,54.0,41.0,201.0,13.0,10.0,197.0,-1,-1,-1,225.0,207.0,194.0,169.0,137.0,118.0,73.0,43.0,154.0,69.0,59.0,209.0,115.0,96.0,173.0,fall_mute
68.0,55.0,186.0,94.0,82.0,192.0,77.0,58.0,142.0,87.0,67.0,135.0,227.0,204.0,199.0,225.0,199.0,194.0,134.0,92.0,182.0,80.0,69.0,223.0,158.0,136.0,192.0,fall_mute
18.0,14.0,218.0,37.0,30.0,171.0,26.0,23.0,189.0,18.0,16.0,206.0,197.0,173.0,166.0,216.0,191.0,186.0,82.0,50.0,171.0,50.0,43.0,223.0,108.0,92.0,184.0,fall_mute
67.0,46.0,145.0,66.0,46.0,149.0,-1,-1,-1,28.0,21.0,145.0,172.0,139.0,123.0,180.0,148.0,171.0,97.0,50.0,146.0,103.0,83.0,192.0,111.0,87.0,149.0,fall_mute
30.0,20.0,185.0,93.0,71.0,160.0,-1,-1,-1,25.0,22.0,231.0,240.0,204.0,199.0,206.0,161.0,159.0,120.0,75.0,157.0,82.0,65.0,220.0,139.0,113.0,195.0,fall_mute
46.0,40.0,191.0,48.0,40.0,146.0,-1,-1,-1,36.0,32.0,208.0,206.0,180.0,167.0,228.0,214.0,212.0,100.0,70.0,181.0,58.0,50.0,227.0,139.0,123.0,200.0,fall_mute
99.0,87.0,205.0,55.0,45.0,194.0,49.0,41.0,203.0,52.0,44.0,176.0,187.0,167.0,202.0,229.0,203.0,199.0,124.0,88.0,182.0,58.0,51.0,232.0,140.0,121.0,197.0,fall_mute
62.0,45.0,128.0,65.0,47.0,119.0,43.0,32.0,165.0,49.0,38.0,181.0,240.0,208.0,173.0,172.0,131.0,98.0,140.0,104.0,148.0,109.0,92.0,202.0,132.0,106.0,159.0,fall_mute
37.0,30.0,152.0,26.0,22.0,221.0,27.0,23.0,203.0,34.0,30.0,206.0,220.0,207.0,199.0,144.0,120.0,111.0,66.0,46.0,160.0,77.0,70.0,208.0,112.0,99.0,186.0,fall_mute
61.0,36.0,156.0,120.0,101.0,196.0,-1,-1,-1,11.0,8.0,234.0,240.0,215.0,205.0,228.0,202.0,189.0,143.0,108.0,190.0,108.0,94.0,223.0,156.0,136.0,209.0,fall_mute
123.0,106.0,193.0,44.0,33.0,147.0,53.0,46.0,134.0,-1,-1,-1,130.0,111.0,186.0,219.0,194.0,183.0,91.0,66.0,194.0,52.0,43.0,229.0,146.0,127.0,191.0,fall_mute
85.0,64.0,145.0,53.0,39.0,167.0,74.0,55.0,150.0,11.0,9.0,227.0,210.0,177.0,175.0,228.0,198.0,190.0,98.0,61.0,160.0,71.0,57.0,218.0,142.0,119.0,196.0,fall_mute
42.0,31.0,166.0,67.0,51.0,166.0,15.0,12.0,225.0,23.0,19.0,225.0,242.0,210.0,206.0,225.0,190.0,189.0,102.0,59.0,172.0,97.0,85.0,230.0,135.0,113.0,201.0,fall_mute
-1,-1,-1,70.0,61.0,204.0,-1,-1,-1,-1,-1,-1,239.0,217.0,195.0,164.0,137.0,151.0,103.0,72.0,177.0,92.0,81.0,215.0,125.0,110.0,203.0,fall_mute
62.0,46.0,151.0,66.0,48.0,168.0,82.0,61.0,138.0,74.0,54.0,123.0,234.0,195.0,198.0,140.0,107.0,105.0,135.0,87.0,166.0,69.0,55.0,225.0,139.0,105.0,162.0,fall_mute
-1,-1,-1,71.0,55.0,196.0,21.0,17.0,229.0,23.0,18.0,228.0,221.0,185.0,171.0,232.0,198.0,190.0,118.0,66.0,160.0,79.0,65.0,222.0,125.0,102.0,197.0,fall_mute
130.0,100.0,167.0,68.0,49.0,154.0,97.0,65.0,124.0,56.0,37.0,160.0,242.0,182.0,140.0,244.0,199.0,160.0,149.0,108.0,175.0,76.0,59.0,219.0,157.0,121.0,172.0,fall_mute
51.0,42.0,178.0,76.0,69.0,211.0,51.0,48.0,170.0,27.0,26.0,213.0,247.0,223.0,211.0,221.0,200.0,189.0,115.0,70.0,163.0,121.0,108.0,225.0,155.0,136.0,202.0,fall_mute
110.0,90.0,174.0,108.0,89.0,191.0,14.0,10.0,227.0,41.0,32.0,188.0,237.0,204.0,187.0,236.0,205.0,189.0,127.0,92.0,179.0,94.0,81.0,223.0,147.0,125.0,199.0,fall_mute
44.0,38.0,127.0,19.0,15.0,184.0,24.0,22.0,230.0,54.0,44.0,189.0,192.0,166.0,151.0,193.0,184.0,174.0,99.0,67.0,174.0,109.0,91.0,187.0,121.0,100.0,167.0,fall_mute
64.0,53.0,204.0,72.0,56.0,161.0,-1,-1,-1,49.0,38.0,178.0,242.0,210.0,197.0,247.0,222.0,209.0,131.0,84.0,177.0,69.0,57.0,231.0,153.0,129.0,201.0,fall_mute
58.0,47.0,148.0,43.0,33.0,176.0,41.0,36.0,162.0,-1,-1,-1,185.0,160.0,151.0,183.0,157.0,145.0,90.0,46.0,134.0,47.0,38.0,213.0,108.0,88.0,164.0,fall_mute
43.0,38.0,146.0,49.0,41.0,143.0,34.0,34.0,137.0,39.0,38.0,167.0,212.0,187.0,172.0,205.0,185.0,167.0,108.0,75.0,157.0,113.0,105.0,213.0,127.0,112.0,169.0,fall_mute
-1,-1,-1,25.0,19.0,155.0,65.0,59.0,209.0,46.0,42.0,217.0,191.0,159.0,140.0,210.0,191.0,179.0,108.0,70.0,164.0,76.0,64.0,212.0,117.0,97.0,184.0,fall_mute
69.0,48.0,133.0,62.0,42.0,146.0,21.0,13.0,202.0,84.0,58.0,120.0,211.0,175.0,164.0,231.0,195.0,181.0,135.0,92.0,180.0,126.0,104.0,205.0,151.0,119.0,169.0,fall_mute
98.0,80.0,160.0,43.0,32.0,186.0,36.0,28.0,202.0,26.0,20.0,230.0,246.0,218.0,206.0,240.0,208.0,194.0,133.0,96.0,191.0,78.0,65.0,230.0,150.0,126.0,206.0,fall_mute
56.0,47.0,168.0,60.0,52.0,193.0,14.0,11.0,211.0,-1,-1,-1,235.0,209.0,208.0,199.0,172.0,171.0,118.0,79.0,184.0,84.0,74.0,226.0,126.0,109.0,192.0,fall_mute
70.0,54.0,166.0,48.0,37.0,176.0,76.0,56.0,145.0,45.0,32.0,151.0,207.0,177.0,165.0,231.0,206.0,196.0,98.0,56.0,149.0,60.0,48.0,216.0,148.0,123.0,184.0,fall_mute
76.0,64.0,173.0,117.0,103.0,184.0,16.0,15.0,224.0,49.0,44.0,168.0,202.0,177.0,171.0,237.0,211.0,205.0,123.0,77.0,177.0,112.0,98.0,217.0,136.0,113.0,183.0,fall_mute
48.0,37.0,190.0,46.0,33.0,163.0,-1,-1,-1,20.0,14.0,210.0,212.0,183.0,178.0,222.0,190.0,187.0,111.0,67.0,176.0,81.0,69.0,225.0,117.0,97.0,190.0,fall_mute
90.0,68.0,156.0,95.0,69.0,143.0,59.0,44.0,160.0,80.0,63.0,139.0,232.0,180.0,168.0,224.0,180.0,181.0,117.0,66.0,160.0,71.0,55.0,223.0,133.0,101.0,178.0,fall_mute
55.0,39.0,157.0,48.0,35.0,141.0,37.0,28.0,146.0,65.0,50.0,107.0,188.0,159.0,153.0,188.0,159.0,152.0,100.0,66.0,161.0,74.0,64.0,213.0,117.0,98.0,173.0,fall_mute
71.0,61.0,201.0,23.0,21.0,243.0,24.0,21.0,236.0,38.0,31.0,220.0,229.0,203.0,212.0,179.0,147.0,223.0,121.0,92.0,190.0,117.0,105.0,226.0,131.0,112.0,208.0,fall_mute
92.0,81.0,181.0,87.0,77.0,178.0,61.0,57.0,174.0,60.0,56.0,165.0,211.0,188.0,185.0,225.0,203.0,198.0,106.0,70.0,163.0,75.0,67.0,223.0,141.0,123.0,190.0,fall_mute
91.0,72.0,183.0,53.0,40.0,197.0,24.0,22.0,222.0,-1,-1,-1,210.0,179.0,189.0,222.0,191.0,196.0,92.0,55.0,174.0,61.0,50.0,223.0,126.0,105.0,195.0,fall_mute
68.0,43.0,135.0,26.0,18.0,204.0,16.0,10.0,201.0,-1,-1,-1,188.0,163.0,157.0,197.0,170.0,160.0,108.0,76.0,160.0,76.0,66.0,215.0,111.0,93.0,182.0,fall_mute
61.0,49.0,172.0,79.0,66.0,186.0,88.0,78.0,147.0,84.0,74.0,170.0,226.0,186.0,165.0,225.0,187.0,166.0,126.0,92.0,167.0,76.0,63.0,223.0,128.0,104.0,179.0,fall_mute
68.0,49.0,151.0,49.0,30.0,117.0,82.0,59.0,137.0,60.0,38.0,121.0,205.0,165.0,139.0,240.0,203.0,178.0,120.0,73.0,150.0,96.0,74.0,195.0,140.0,109.0,162.0,fall_mute
49.0,36.0,137.0,57.0,44.0,147.0,34.0,31.0,125.0,43.0,39.0,139.0,181.0,145.0,135.0,149.0,106.0,89.0,79.0,49.0,146.0,62.0,49.0,209.0,96.0,72.0,149.0,fall_mute
100.0,83.0,163.0,70.0,58.0,157.0,109.0,97.0,170.0,99.0,89.0,175.0,189.0,165.0,187.0,228.0,192.0,169.0,126.0,83.0,154.0,60.0,51.0,225.0,152.0,125.0,174.0,fall_mute
-1,-1,-1,40.0,31.0,207.0,-1,-1,-1,42.0,37.0,164.0,184.0,148.0,127.0,129.0,100.0,84.0,73.0,42.0,138.0,71.0,56.0,195.0,86.0,67.0,163.0,fall_mute
63.0,52.0,203.0,91.0,71.0,140.0,-1,-1,-1,22.0,15.0,201.0,243.0,217.0,204.0,243.0,223.0,213.0,120.0,82.0,169.0,50.0,42.0,231.0,148.0,129.0,202.0,fall_mute
-1,-1,-1,42.0,38.0,212.0,12.0,10.0,247.0,49.0,47.0,218.0,182.0,165.0,207.0,129.0,123.0,244.0,127.0,102.0,198.0,48.0,44.0,243.0,107.0,97.0,213.0,fall_mute
102.0,64.0,124.0,56.0,34.0,149.0,25.0,19.0,213.0,105.0,86.0,153.0,245.0,217.0,207.0,246.0,210.0,197.0,137.0,83.0,160.0,122.0,101.0,213.0,172.0,141.0,200.0,fall_mute
13.0,10.0,233.0,27.0,20.0,194.0,-1,-1,-1,-1,-1,-1,203.0,180.0,165.0,24.0,20.0,238.0,85.0,55.0,179.0,57.0,48.0,220.0,97.0,82.0,203.0,fall_mute
81.0,63.0,196.0,113.0,92.0,196.0,20.0,15.0,239.0,23.0,17.0,232.0,240.0,210.0,199.0,223.0,192.0,185.0,136.0,90.0,173.0,88.0,73.0,222.0,151.0,126.0,200.0,fall_mute
-1,-1,-1,88.0,78.0,205.0,-1,-1,-1,-1,-1,-1,207.0,188.0,181.0,126.0,112.0,196.0,118.0,84.0,168.0,51.0,45.0,226.0,107.0,94.0,195.0,fall_mute
40.0,27.0,167.0,30.0,20.0,111.0,-1,-1,-1,29.0,19.0,186.0,185.0,149.0,132.0,204.0,165.0,149.0,94.0,62.0,151.0,42.0,31.0,210.0,114.0,90.0,163.0,fall_mute
16.0,10.0,205.0,39.0,27.0,191.0,-1,-1,-1,-1,-1,-1,176.0,138.0,107.0,137.0,103.0,129.0,88.0,54.0,134.0,43.0,32.0,209.0,86.0,64.0,169.0,fall_mute
90.0,69.0,90.0,87.0,62.0,166.0,77.0,65.0,123.0,69.0,58.0,145.0,216.0,156.0,114.0,218.0,160.0,118.0,125.0,79.0,144.0,74.0,52.0,201.0,129.0,93.0,148.0,fall_mute
32.0,23.0,132.0,26.0,20.0,214.0,24.0,19.0,181.0,39.0,31.0,179.0,191.0,165.0,155.0,134.0,109.0,94.0,55.0,29.0,167.0,80.0,68.0,194.0,100.0,82.0,165.0,fall_mute
77.0,65.0,142.0,42.0,33.0,147.0,76.0,64.0,187.0,63.0,52.0,157.0,224.0,194.0,176.0,234.0,204.0,187.0,114.0,76.0,170.0,83.0,72.0,224.0,136.0,115.0,193.0,fall_mute
-1,-1,-1,16.0,11.0,168.0,-1,-1,-1,-1,-1,-1,127.0,89.0,67.0,129.0,96.0,128.0,75.0,48.0,134.0,57.0,43.0,193.0,78.0,56.0,152.0,fall_mute
56.0,48.0,154.0,61.0,54.0,128.0,23.0,19.0,210.0,23.0,23.0,242.0,78.0,68.0,212.0,212.0,186.0,182.0,97.0,71.0,172.0,46.0,40.0,226.0,119.0,103.0,195.0,fall_mute
17.0,15.0,152.0,-1,-1,-1,28.0,23.0,167.0,42.0,31.0,161.0,221.0,188.0,177.0,195.0,173.0,161.0,78.0,47.0,174.0,84.0,71.0,213.0,123.0,103.0,185.0,fall_mute
74.0,51.0,140.0,25.0,16.0,184.0,40.0,30.0,215.0,19.0,16.0,240.0,194.0,148.0,115.0,246.0,220.0,198.0,108.0,68.0,159.0,67.0,51.0,206.0,131.0,106.0,178.0,fall_mute
18.0,13.0,215.0,-1,-1,-1,37.0,29.0,217.0,14.0,10.0,229.0,155.0,134.0,172.0,210.0,185.0,174.0,65.0,44.0,189.0,49.0,41.0,225.0,99.0,85.0,202.0,fall_mute
19.0,14.0,197.0,33.0,22.0,99.0,-1,-1,-1,18.0,14.0,206.0,235.0,209.0,178.0,196.0,164.0,156.0,106.0,74.0,161.0,93.0,78.0,205.0,140.0,120.0,186.0,fall_mute
24.0,19.0,147.0,33.0,27.0,164.0,38.0,30.0,165.0,52.0,41.0,157.0,212.0,191.0,184.0,207.0,184.0,169.0,89.0,52.0,163.0,85.0,76.0,216.0,123.0,106.0,183.0,fall_mute
32.0,28.0,134.0,89.0,74.0,184.0,-1,-1,-1,32.0,33.0,200.0,208.0,185.0,169.0,161.0,134.0,131.0,115.0,76.0,155.0,93.0,81.0,210.0,136.0,117.0,175.0,fall_mute
44.0,37.0,154.0,21.0,18.0,154.0,66.0,56.0,128.0,71.0,64.0,141.0,234.0,216.0,209.0,219.0,195.0,187.0,131.0,85.0,169.0,67.0,59.0,227.0,158.0,139.0,194.0,fall_mute
23.0,14.0,188.0,68.0,45.0,122.0,-1,-1,-1,21.0,14.0,189.0,217.0,185.0,181.0,236.0,209.0,202.0,115.0,87.0,176.0,58.0,47.0,226.0,131.0,110.0,190.0,fall_mute
63.0,51.0,175.0,78.0,67.0,210.0,82.0,66.0,160.0,75.0,57.0,153.0,215.0,186.0,216.0,194.0,156.0,152.0,94.0,62.0,193.0,67.0,54.0,226.0,146.0,116.0,188.0,winter_bright
103.0,79.0,174.0,56.0,47.0,173.0,59.0,40.0,200.0,-1,-1,-1,157.0,119.0,173.0,221.0,166.0,142.0,125.0,74.0,156.0,54.0,39.0,223.0,129.0,96.0,181.0,winter_bright
87.0,72.0,180.0,80.0,68.0,181.0,94.0,73.0,142.0,43.0,34.0,194.0,234.0,203.0,187.0,207.0,168.0,152.0,113.0,75.0,171.0,64.0,53.0,223.0,149.0,120.0,171.0,winter_bright
38.0,32.0,178.0,60.0,54.0,166.0,-1,-1,-1,76.0,56.0,148.0,234.0,197.0,189.0,189.0,150.0,178.0,120.0,78.0,176.0,103.0,81.0,205.0,148.0,120.0,192.0,winter_bright
71.0,58.0,155.0,122.0,103.0,193.0,25.0,22.0,227.0,36.0,32.0,210.0,235.0,206.0,206.0,205.0,173.0,176.0,116.0,73.0,188.0,103.0,88.0,220.0,143.0,121.0,200.0,winter_bright
86.0,62.0,137.0,71.0,54.0,176.0,46.0,40.0,163.0,42.0,37.0,171.0,209.0,180.0,174.0,203.0,172.0,169.0,94.0,60.0,172.0,69.0,59.0,216.0,122.0,101.0,174.0,winter_bright
105.0,90.0,202.0,92.0,78.0,171.0,19.0,19.0,221.0,48.0,47.0,184.0,231.0,209.0,219.0,241.0,220.0,227.0,133.0,102.0,215.0,75.0,66.0,239.0,145.0,127.0,218.0,winter_bright
62.0,57.0,181.0,62.0,56.0,191.0,55.0,51.0,161.0,41.0,38.0,197.0,216.0,194.0,191.0,205.0,181.0,176.0,101.0,66.0,164.0,59.0,52.0,219.0,125.0,110.0,182.0,winter_bright
51.0,38.0,175.0,29.0,22.0,175.0,64.0,43.0,105.0,46.0,30.0,96.0,140.0,108.0,89.0,186.0,149.0,147.0,73.0,47.0,146.0,47.0,37.0,209.0,106.0,83.0,161.0,winter_bright
113.0,93.0,147.0,50.0,38.0,116.0,73.0,55.0,123.0,31.0,20.0,134.0,200.0,163.0,148.0,214.0,180.0,166.0,85.0,56.0,136.0,59.0,47.0,202.0,134.0,108.0,154.0,winter_bright
77.0,63.0,163.0,73.0,64.0,159.0,87.0,68.0,142.0,18.0,17.0,249.0,138.0,125.0,199.0,237.0,214.0,194.0,98.0,80.0,156.0,65.0,57.0,220.0,150.0,131.0,182.0,winter_bright
105.0,90.0,173.0,64.0,56.0,184.0,62.0,57.0,199.0,44.0,39.0,215.0,246.0,220.0,212.0,239.0,208.0,198.0,119.0,65.0,175.0,80.0,69.0,225.0,142.0,121.0,199.0,winter_bright
68.0,58.0,148.0,50.0,40.0,153.0,40.0,34.0,161.0,26.0,22.0,196.0,185.0,158.0,148.0,158.0,133.0,123.0,104.0,65.0,162.0,61.0,50.0,217.0,109.0,90.0,161.0,winter_bright
79.0,63.0,168.0,71.0,54.0,155.0,45.0,34.0,145.0,69.0,54.0,135.0,239.0,212.0,202.0,219.0,189.0,185.0,114.0,67.0,166.0,91.0,77.0,219.0,124.0,101.0,187.0,winter_bright
38.0,32.0,134.0,38.0,33.0,187.0,20.0,18.0,172.0,-1,-1,-1,173.0,146.0,144.0,130.0,106.0,106.0,68.0,37.0,148.0,48.0,39.0,210.0,93.0,76.0,158.0,winter_bright
85.0,72.0,185.0,58.0,49.0,169.0,55.0,46.0,136.0,57.0,46.0,144.0,249.0,231.0,225.0,231.0,205.0,202.0,104.0,65.0,166.0,66.0,56.0,220.0,140.0,120.0,192.0,winter_bright
47.0,43.0,170.0,86.0,75.0,111.0,49.0,45.0,160.0,49.0,42.0,148.0,178.0,157.0,144.0,175.0,157.0,151.0,90.0,69.0,163.0,71.0,63.0,205.0,97.0,85.0,165.0,summer_mute
33.0,27.0,205.0,83.0,68.0,162.0,-1,-1,-1,-1,-1,-1,220.0,187.0,182.0,191.0,159.0,159.0,104.0,60.0,163.0,59.0,50.0,217.0,108.0,89.0,171.0,summer_mute
15.0,12.0,209.0,-1,-1,-1,14.0,11.0,240.0,68.0,58.0,194.0,227.0,205.0,197.0,126.0,110.0,212.0,132.0,97.0,180.0,85.0,76.0,231.0,116.0,102.0,211.0,summer_mute
-1,-1,-1,57.0,50.0,198.0,-1,-1,-1,-1,-1,-1,164.0,143.0,124.0,142.0,129.0,180.0,108.0,83.0,142.0,87.0,78.0,204.0,98.0,85.0,169.0,summer_mute
13.0,10.0,245.0,37.0,31.0,175.0,17.0,13.0,230.0,16.0,13.0,231.0,164.0,120.0,102.0,208.0,160.0,135.0,111.0,69.0,129.0,101.0,77.0,183.0,91.0,68.0,159.0,summer_mute
39.0,34.0,174.0,69.0,59.0,154.0,-1,-1,-1,-1,-1,-1,217.0,202.0,197.0,200.0,182.0,176.0,107.0,87.0,183.0,99.0,90.0,220.0,120.0,109.0,204.0,summer_mute
76.0,61.0,145.0,77.0,61.0,166.0,36.0,28.0,136.0,49.0,39.0,110.0,236.0,207.0,201.0,141.0,116.0,113.0,117.0,69.0,154.0,58.0,48.0,227.0,124.0,100.0,163.0,summer_mute
38.0,33.0,221.0,57.0,49.0,185.0,35.0,30.0,219.0,44.0,37.0,204.0,198.0,178.0,168.0,219.0,200.0,189.0,139.0,115.0,157.0,86.0,77.0,211.0,107.0,94.0,184.0,summer_mute
86.0,69.0,172.0,65.0,48.0,173.0,71.0,55.0,129.0,62.0,47.0,145.0,212.0,180.0,182.0,231.0,199.0,186.0,96.0,63.0,174.0,63.0,53.0,223.0,142.0,117.0,189.0,summer_mute
57.0,50.0,177.0,48.0,43.0,189.0,31.0,28.0,178.0,-1,-1,-1,189.0,168.0,165.0,204.0,185.0,179.0,105.0,74.0,169.0,82.0,74.0,215.0,117.0,103.0,178.0,summer_mute
93.0,82.0,202.0,68.0,54.0,140.0,60.0,47.0,165.0,44.0,35.0,185.0,169.0,134.0,119.0,231.0,212.0,204.0,93.0,70.0,176.0,68.0,56.0,204.0,129.0,108.0,170.0,summer_mute
68.0,57.0,126.0,77.0,65.0,151.0,59.0,48.0,193.0,58.0,45.0,165.0,222.0,199.0,190.0,198.0,168.0,158.0,102.0,73.0,178.0,71.0,60.0,215.0,132.0,112.0,182.0,summer_mute
40.0,33.0,221.0,111.0,97.0,191.0,-1,-1,-1,41.0,32.0,193.0,215.0,185.0,181.0,181.0,157.0,199.0,100.0,72.0,182.0,62.0,51.0,223.0,120.0,100.0,199.0,summer_mute
40.0,32.0,185.0,64.0,54.0,210.0,14.0,10.0,190.0,22.0,18.0,231.0,226.0,192.0,186.0,208.0,169.0,164.0,93.0,61.0,157.0,100.0,84.0,207.0,112.0,91.0,172.0,summer_mute
28.0,22.0,227.0,97.0,79.0,175.0,61.0,50.0,174.0,80.0,65.0,147.0,195.0,160.0,147.0,223.0,196.0,185.0,100.0,62.0,146.0,83.0,71.0,214.0,107.0,88.0,177.0,summer_mute
22.0,15.0,189.0,70.0,55.0,119.0,14.0,10.0,237.0,-1,-1,-1,213.0,176.0,156.0,193.0,152.0,139.0,109.0,69.0,148.0,84.0,65.0,204.0,118.0,94.0,179.0,summer_mute
-1,-1,-1,27.0,21.0,135.0,53.0,54.0,195.0,51.0,49.0,194.0,180.0,154.0,143.0,222.0,219.0,225.0,110.0,78.0,185.0,78.0,69.0,215.0,119.0,106.0,193.0,summer_mute
91.0,90.0,181.0,35.0,39.0,161.0,56.0,59.0,154.0,13.0,18.0,196.0,173.0,164.0,163.0,206.0,196.0,188.0,99.0,80.0,167.0,48.0,45.0,225.0,127.0,121.0,184.0,summer_mute
33.0,26.0,197.0,67.0,54.0,179.0,-1,-1,-1,-1,-1,-1,186.0,153.0,163.0,224.0,196.0,187.0,89.0,56.0,144.0,81.0,68.0,203.0,114.0,93.0,183.0,summer_mute
72.0,59.0,148.0,82.0,68.0,163.0,23.0,20.0,211.0,44.0,39.0,179.0,213.0,187.0,177.0,198.0,169.0,161.0,114.0,71.0,160.0,93.0,84.0,226.0,121.0,103.0,179.0,summer_mute
75.0,63.0,168.0,71.0,56.0,148.0,48.0,38.0,207.0,43.0,31.0,201.0,222.0,182.0,162.0,246.0,224.0,218.0,127.0,90.0,183.0,88.0,72.0,215.0,147.0,124.0,195.0,summer_mute
79.0,64.0,173.0,82.0,69.0,150.0,88.0,72.0,143.0,43.0,35.0,170.0,207.0,182.0,163.0,213.0,188.0,169.0,108.0,76.0,142.0,55.0,47.0,219.0,149.0,127.0,171.0,summer_mute
57.0,45.0,147.0,76.0,65.0,178.0,51.0,43.0,117.0,67.0,55.0,126.0,221.0,194.0,177.0,170.0,138.0,123.0,99.0,69.0,157.0,78.0,68.0,220.0,136.0,115.0,171.0,summer_mute
72.0,58.0,190.0,76.0,63.0,199.0,73.0,61.0,129.0,70.0,57.0,141.0,229.0,207.0,192.0,225.0,199.0,182.0,114.0,75.0,149.0,70.0,59.0,216.0,143.0,122.0,182.0,summer_mute
24.0,19.0,230.0,82.0,66.0,175.0,17.0,14.0,231.0,-1,-1,-1,187.0,152.0,141.0,183.0,153.0,138.0,78.0,53.0,170.0,88.0,72.0,199.0,97.0,78.0,166.0,summer_mute
98.0,86.0,187.0,77.0,68.0,193.0,76.0,65.0,157.0,76.0,66.0,145.0,198.0,175.0,164.0,212.0,187.0,172.0,101.0,72.0,170.0,71.0,62.0,217.0,136.0,119.0,185.0,summer_mute
25.0,14.0,122.0,14.0,7.0,162.0,26.0,20.0,219.0,-1,-1,-1,226.0,189.0,169.0,234.0,207.0,190.0,101.0,59.0,153.0,67.0,52.0,211.0,130.0,105.0,185.0,summer_mute
67.0,49.0,172.0,62.0,45.0,179.0,71.0,48.0,112.0,64.0,43.0,131.0,219.0,176.0,155.0,194.0,159.0,166.0,123.0,86.0,163.0,83.0,65.0,206.0,158.0,127.0,166.0,summer_mute
80.0,76.0,203.0,-1,-1,-1,11.0,9.0,241.0,-1,-1,-1,141.0,125.0,163.0,222.0,209.0,197.0,100.0,67.0,175.0,42.0,37.0,235.0,120.0,109.0,202.0,summer_mute
66.0,56.0,177.0,62.0,52.0,176.0,22.0,19.0,177.0,38.0,30.0,134.0,200.0,172.0,158.0,206.0,183.0,171.0,102.0,79.0,158.0,61.0,53.0,219.0,128.0,108.0,177.0,summer_mute
19.0,13.0,217.0,-1,-1,-1,-1,-1,-1,-1,-1,-1,129.0,107.0,189.0,202.0,172.0,157.0,76.0,51.0,184.0,45.0,36.0,228.0,94.0,77.0,196.0,summer_mute
42.0,33.0,215.0,79.0,60.0,147.0,-1,-1,-1,-1,-1,-1,175.0,147.0,139.0,221.0,196.0,187.0,89.0,57.0,147.0,56.0,45.0,211.0,112.0,93.0,181.0,summer_mute
-1,-1,-1,-1,-1,-1,13.0,9.0,236.0,-1,-1,-1,181.0,146.0,137.0,119.0,100.0,211.0,69.0,38.0,195.0,46.0,39.0,239.0,86.0,66.0,187.0,summer_mute
82.0,64.0,134.0,55.0,43.0,162.0,43.0,35.0,179.0,18.0,16.0,232.0,239.0,217.0,216.0,237.0,214.0,214.0,116.0,72.0,172.0,85.0,76.0,222.0,141.0,123.0,202.0,summer_mute
-1,-1,-1,30.0,22.0,196.0,37.0,31.0,205.0,32.0,26.0,215.0,193.0,156.0,145.0,239.0,206.0,203.0,105.0,71.0,191.0,74.0,63.0,228.0,112.0,92.0,203.0,summer_mute
58.0,48.0,199.0,-1,-1,-1,-1,-1,-1,-1,-1,-1,171.0,141.0,147.0,190.0,159.0,135.0,62.0,45.0,193.0,46.0,36.0,218.0,104.0,89.0,188.0,summer_mute
82.0,67.0,166.0,75.0,59.0,149.0,51.0,40.0,205.0,43.0,32.0,192.0,237.0,200.0,185.0,231.0,192.0,175.0,119.0,80.0,168.0,87.0,71.0,216.0,147.0,120.0,184.0,summer_mute
61.0,45.0,113.0,32.0,24.0,140.0,34.0,33.0,141.0,39.0,33.0,151.0,209.0,172.0,159.0,170.0,122.0,99.0,92.0,48.0,154.0,75.0,58.0,204.0,128.0,101.0,160.0,summer_mute
100.0,81.0,179.0,105.0,84.0,153.0,55.0,38.0,136.0,61.0,45.0,133.0,198.0,153.0,130.0,199.0,157.0,133.0,98.0,71.0,160.0,59.0,46.0,213.0,128.0,101.0,163.0,summer_mute
33.0,28.0,230.0,95.0,80.0,193.0,-1,-1,-1,-1,-1,-1,206.0,168.0,152.0,239.0,202.0,191.0,125.0,87.0,181.0,77.0,62.0,211.0,128.0,104.0,185.0,summer_mute
76.0,60.0,186.0,101.0,81.0,166.0,71.0,54.0,167.0,55.0,43.0,180.0,204.0,158.0,139.0,218.0,171.0,153.0,105.0,76.0,161.0,76.0,58.0,208.0,134.0,104.0,166.0,summer_mute
18.0,15.0,210.0,12.0,10.0,215.0,37.0,33.0,238.0,-1,-1,-1,201.0,173.0,170.0,214.0,201.0,196.0,93.0,71.0,178.0,115.0,106.0,219.0,112.0,96.0,199.0,summer_mute
31.0,23.0,125.0,20.0,13.0,137.0,33.0,24.0,132.0,30.0,18.0,88.0,162.0,136.0,117.0,166.0,139.0,119.0,79.0,56.0,144.0,72.0,62.0,207.0,102.0,85.0,156.0,summer_mute
90.0,75.0,209.0,13.0,11.0,243.0,100.0,85.0,177.0,87.0,71.0,156.0,240.0,202.0,169.0,249.0,227.0,193.0,113.0,77.0,182.0,87.0,75.0,223.0,133.0,111.0,191.0,summer_mute
83.0,70.0,186.0,99.0,80.0,179.0,19.0,16.0,242.0,31.0,24.0,185.0,179.0,147.0,131.0,213.0,193.0,196.0,113.0,82.0,174.0,106.0,85.0,185.0,119.0,97.0,163.0,summer_mute
88.0,64.0,181.0,78.0,55.0,188.0,75.0,58.0,158.0,70.0,57.0,191.0,219.0,172.0,165.0,214.0,164.0,157.0,111.0,67.0,149.0,66.0,53.0,225.0,119.0,91.0,182.0,summer_mute
47.0,39.0,187.0,37.0,33.0,209.0,43.0,36.0,176.0,55.0,46.0,163.0,147.0,133.0,130.0,232.0,205.0,197.0,113.0,75.0,173.0,83.0,71.0,223.0,113.0,98.0,187.0,summer_mute
-1,-1,-1,65.0,51.0,191.0,14.0,11.0,237.0,29.0,22.0,220.0,214.0,175.0,153.0,179.0,146.0,164.0,123.0,79.0,148.0,92.0,75.0,211.0,118.0,93.0,178.0,summer_mute
63.0,46.0,146.0,85.0,68.0,180.0,-1,-1,-1,60.0,45.0,166.0,210.0,174.0,160.0,216.0,178.0,164.0,96.0,68.0,173.0,100.0,81.0,199.0,120.0,96.0,168.0,summer_mute
105.0,86.0,194.0,121.0,103.0,188.0,-1,-1,-1,-1,-1,-1,217.0,180.0,164.0,238.0,198.0,180.0,113.0,85.0,154.0,72.0,58.0,209.0,128.0,106.0,181.0,summer_mute
89.0,78.0,177.0,93.0,82.0,172.0,15.0,13.0,226.0,47.0,42.0,187.0,209.0,187.0,176.0,210.0,190.0,182.0,111.0,91.0,182.0,79.0,68.0,218.0,134.0,119.0,187.0,summer_mute
42.0,31.0,160.0,78.0,66.0,197.0,17.0,14.0,232.0,25.0,21.0,228.0,201.0,173.0,170.0,147.0,125.0,165.0,114.0,77.0,168.0,91.0,76.0,212.0,110.0,92.0,186.0,summer_mute
89.0,84.0,195.0,113.0,102.0,187.0,101.0,92.0,164.0,97.0,83.0,137.0,215.0,194.0,182.0,222.0,210.0,204.0,121.0,98.0,174.0,107.0,97.0,220.0,128.0,116.0,190.0,summer_mute
66.0,56.0,188.0,100.0,84.0,189.0,16.0,12.0,234.0,82.0,65.0,141.0,215.0,189.0,178.0,207.0,184.0,178.0,108.0,80.0,165.0,99.0,84.0,201.0,149.0,130.0,189.0,summer_mute
-1,-1,-1,71.0,53.0,194.0,65.0,50.0,131.0,66.0,52.0,131.0,234.0,197.0,163.0,244.0,210.0,177.0,107.0,66.0,149.0,75.0,62.0,217.0,130.0,104.0,176.0,summer_mute
87.0,71.0,156.0,70.0,56.0,165.0,58.0,43.0,110.0,52.0,39.0,115.0,212.0,173.0,158.0,224.0,188.0,176.0,91.0,57.0,156.0,68.0,54.0,211.0,129.0,105.0,168.0,summer_mute
66.0,56.0,161.0,95.0,83.0,168.0,-1,-1,-1,-1,-1,-1,216.0,193.0,179.0,228.0,208.0,196.0,126.0,93.0,170.0,86.0,77.0,223.0,129.0,113.0,187.0,summer_mute
63.0,60.0,128.0,47.0,46.0,180.0,52.0,52.0,134.0,41.0,42.0,172.0,219.0,211.0,214.0,199.0,184.0,183.0,111.0,94.0,190.0,85.0,82.0,236.0,126.0,119.0,200.0,summer_mute
70.0,45.0,164.0,98.0,76.0,202.0,70.0,45.0,132.0,70.0,48.0,155.0,215.0,168.0,176.0,210.0,144.0,128.0,124.0,71.0,151.0,80.0,58.0,207.0,155.0,114.0,167.0,summer_mute
89.0,72.0,167.0,81.0,65.0,185.0,56.0,42.0,136.0,73.0,56.0,127.0,183.0,143.0,152.0,192.0,152.0,131.0,127.0,81.0,155.0,103.0,82.0,192.0,141.0,110.0,157.0,summer_mute
38.0,28.0,177.0,58.0,48.0,176.0,-1,-1,-1,13.0,11.0,221.0,211.0,180.0,180.0,205.0,172.0,169.0,98.0,63.0,156.0,59.0,50.0,227.0,99.0,80.0,173.0,summer_mute
22.0,15.0,192.0,42.0,33.0,185.0,17.0,10.0,165.0,27.0,18.0,123.0,196.0,166.0,143.0,142.0,114.0,95.0,68.0,48.0,158.0,97.0,82.0,194.0,107.0,87.0,155.0,fall_dark
127.0,104.0,171.0,77.0,58.0,171.0,63.0,51.0,203.0,71.0,57.0,189.0,223.0,192.0,194.0,228.0,202.0,202.0,122.0,80.0,172.0,80.0,68.0,225.0,124.0,101.0,193.0,fall_dark
21.0,12.0,186.0,112.0,82.0,152.0,35.0,29.0,230.0,59.0,51.0,203.0,246.0,234.0,232.0,208.0,174.0,170.0,124.0,83.0,182.0,63.0,54.0,233.0,124.0,102.0,186.0,fall_dark
20.0,14.0,196.0,105.0,87.0,188.0,-1,-1,-1,-1,-1,-1,203.0,169.0,149.0,155.0,132.0,162.0,90.0,65.0,155.0,108.0,92.0,195.0,132.0,110.0,172.0,fall_dark
71.0,53.0,177.0,83.0,62.0,160.0,30.0,22.0,214.0,58.0,45.0,175.0,214.0,186.0,166.0,206.0,174.0,156.0,111.0,72.0,155.0,64.0,51.0,213.0,116.0,91.0,163.0,fall_dark
85.0,77.0,168.0,65.0,58.0,155.0,80.0,71.0,184.0,60.0,52.0,198.0,202.0,186.0,164.0,191.0,183.0,171.0,90.0,73.0,163.0,60.0,54.0,209.0,109.0,99.0,178.0,fall_dark
80.0,48.0,127.0,69.0,48.0,133.0,71.0,49.0,129.0,51.0,34.0,113.0,198.0,157.0,134.0,247.0,221.0,185.0,128.0,81.0,156.0,50.0,39.0,226.0,149.0,119.0,167.0,fall_dark
49.0,39.0,193.0,15.0,10.0,209.0,122.0,103.0,172.0,51.0,40.0,177.0,197.0,155.0,135.0,233.0,200.0,179.0,100.0,68.0,187.0,48.0,39.0,233.0,137.0,114.0,187.0,fall_dark
106.0,95.0,196.0,64.0,56.0,162.0,58.0,51.0,191.0,31.0,27.0,217.0,187.0,166.0,154.0,228.0,204.0,191.0,105.0,82.0,172.0,58.0,52.0,221.0,116.0,102.0,186.0,fall_dark
82.0,64.0,123.0,22.0,16.0,93.0,74.0,58.0,163.0,25.0,15.0,100.0,184.0,149.0,127.0,203.0,171.0,151.0,108.0,80.0,167.0,74.0,61.0,209.0,121.0,99.0,171.0,fall_dark
132.0,107.0,169.0,135.0,108.0,142.0,96.0,74.0,167.0,68.0,55.0,199.0,193.0,163.0,155.0,221.0,193.0,185.0,122.0,89.0,179.0,84.0,74.0,228.0,119.0,98.0,179.0,fall_dark
65.0,49.0,174.0,79.0,61.0,179.0,23.0,20.0,212.0,76.0,61.0,134.0,229.0,179.0,157.0,218.0,169.0,148.0,116.0,60.0,148.0,75.0,57.0,206.0,143.0,108.0,169.0,fall_dark
76.0,65.0,177.0,63.0,54.0,191.0,67.0,54.0,144.0,76.0,61.0,129.0,238.0,221.0,211.0,213.0,185.0,171.0,107.0,48.0,134.0,71.0,61.0,215.0,135.0,112.0,171.0,fall_dark
28.0,24.0,176.0,86.0,74.0,204.0,48.0,42.0,185.0,37.0,31.0,211.0,234.0,212.0,200.0,162.0,119.0,121.0,99.0,73.0,171.0,97.0,85.0,220.0,130.0,110.0,187.0,fall_dark
55.0,38.0,133.0,39.0,32.0,188.0,24.0,19.0,199.0,37.0,30.0,198.0,194.0,164.0,156.0,186.0,148.0,136.0,80.0,43.0,163.0,86.0,74.0,218.0,96.0,77.0,176.0,fall_dark
73.0,51.0,164.0,63.0,44.0,138.0,19.0,16.0,217.0,13.0,11.0,222.0,137.0,99.0,169.0,208.0,152.0,116.0,108.0,62.0,162.0,34.0,23.0,228.0,134.0,95.0,149.0,fall_dark
81.0,63.0,153.0,109.0,89.0,161.0,12.0,8.0,227.0,31.0,23.0,189.0,228.0,193.0,179.0,219.0,185.0,172.0,126.0,97.0,181.0,106.0,90.0,217.0,147.0,123.0,190.0,fall_dark
42.0,31.0,168.0,-1,-1,-1,-1,-1,-1,-1,-1,-1,163.0,138.0,170.0,171.0,149.0,175.0,89.0,65.0,162.0,81.0,66.0,206.0,107.0,87.0,185.0,fall_dark
76.0,62.0,201.0,96.0,80.0,181.0,49.0,45.0,214.0,61.0,54.0,203.0,230.0,202.0,205.0,236.0,209.0,210.0,136.0,87.0,183.0,87.0,76.0,227.0,142.0,122.0,203.0,fall_dark
40.0,34.0,153.0,61.0,54.0,140.0,29.0,25.0,158.0,18.0,17.0,187.0,114.0,101.0,163.0,139.0,118.0,97.0,78.0,56.0,128.0,30.0,27.0,225.0,89.0,75.0,142.0,fall_dark
72.0,60.0,195.0,60.0,48.0,181.0,82.0,71.0,145.0,72.0,60.0,134.0,246.0,214.0,188.0,244.0,219.0,194.0,128.0,78.0,159.0,60.0,49.0,230.0,156.0,131.0,185.0,fall_dark
34.0,36.0,160.0,89.0,76.0,202.0,-1,-1,-1,25.0,21.0,213.0,220.0,190.0,171.0,79.0,78.0,114.0,101.0,66.0,161.0,105.0,93.0,210.0,127.0,109.0,174.0,fall_dark
-1,-1,-1,49.0,42.0,220.0,17.0,14.0,239.0,11.0,10.0,249.0,214.0,187.0,189.0,166.0,150.0,227.0,98.0,61.0,204.0,81.0,70.0,231.0,114.0,98.0,213.0,fall_dark
99.0,77.0,184.0,91.0,65.0,178.0,37.0,31.0,210.0,54.0,43.0,179.0,211.0,180.0,181.0,221.0,193.0,194.0,109.0,68.0,180.0,97.0,85.0,220.0,135.0,113.0,190.0,fall_dark
26.0,21.0,193.0,38.0,34.0,219.0,36.0,30.0,183.0,65.0,57.0,163.0,213.0,187.0,176.0,172.0,144.0,136.0,70.0,51.0,180.0,91.0,80.0,215.0,107.0,92.0,180.0,fall_dark
-1,-1,-1,-1,-1,-1,13.0,10.0,226.0,23.0,20.0,219.0,199.0,175.0,162.0,122.0,103.0,187.0,73.0,30.0,119.0,79.0,69.0,214.0,99.0,83.0,189.0,fall_dark
68.0,48.0,136.0,80.0,60.0,150.0,35.0,22.0,134.0,52.0,40.0,147.0,212.0,173.0,165.0,244.0,225.0,219.0,119.0,80.0,170.0,79.0,64.0,216.0,136.0,112.0,185.0,fall_dark
-1,-1,-1,-1,-1,-1,-1,-1,-1,-1,-1,-1,168.0,136.0,113.0,147.0,126.0,183.0,86.0,55.0,167.0,78.0,67.0,217.0,88.0,71.0,188.0,fall_dark
27.0,21.0,176.0,57.0,47.0,209.0,35.0,27.0,176.0,59.0,52.0,189.0,244.0,213.0,195.0,226.0,194.0,174.0,113.0,72.0,174.0,102.0,87.0,220.0,137.0,117.0,198.0,fall_dark
87.0,72.0,154.0,116.0,100.0,177.0,65.0,50.0,149.0,67.0,54.0,179.0,237.0,202.0,181.0,178.0,136.0,120.0,104.0,75.0,168.0,57.0,50.0,230.0,128.0,102.0,167.0,fall_dark
69.0,37.0,83.0,58.0,35.0,169.0,-1,-1,-1,30.0,18.0,167.0,188.0,124.0,79.0,172.0,103.0,62.0,93.0,47.0,128.0,73.0,53.0,201.0,98.0,60.0,125.0,fall_dark
65.0,44.0,138.0,71.0,50.0,144.0,52.0,31.0,137.0,63.0,38.0,121.0,194.0,134.0,115.0,192.0,127.0,107.0,107.0,58.0,144.0,66.0,46.0,208.0,128.0,87.0,138.0,fall_dark
75.0,61.0,170.0,98.0,82.0,166.0,65.0,53.0,148.0,74.0,61.0,146.0,213.0,185.0,171.0,184.0,152.0,138.0,106.0,69.0,155.0,47.0,40.0,224.0,106.0,85.0,155.0,fall_dark
87.0,64.0,167.0,61.0,45.0,209.0,48.0,40.0,176.0,-1,-1,-1,237.0,198.0,185.0,228.0,187.0,173.0,102.0,63.0,181.0,79.0,65.0,220.0,147.0,118.0,195.0,fall_dark
74.0,66.0,193.0,44.0,37.0,182.0,-1,-1,-1,26.0,23.0,193.0,169.0,149.0,139.0,226.0,209.0,194.0,105.0,67.0,165.0,66.0,60.0,226.0,116.0,101.0,179.0,fall_dark
56.0,44.0,192.0,86.0,67.0,139.0,37.0,28.0,181.0,23.0,17.0,205.0,199.0,153.0,124.0,215.0,168.0,142.0,103.0,69.0,155.0,47.0,36.0,218.0,121.0,92.0,159.0,fall_dark
-1,-1,-1,77.0,63.0,182.0,-1,-1,-1,-1,-1,-1,203.0,171.0,167.0,213.0,177.0,171.0,114.0,87.0,176.0,81.0,67.0,214.0,118.0,98.0,193.0,fall_dark
49.0,41.0,178.0,88.0,74.0,171.0,-1,-1,-1,33.0,28.0,197.0,201.0,170.0,148.0,195.0,173.0,180.0,78.0,47.0,147.0,106.0,93.0,204.0,129.0,110.0,176.0,fall_dark
19.0,15.0,220.0,85.0,73.0,173.0,43.0,36.0,216.0,33.0,28.0,219.0,213.0,189.0,183.0,221.0,198.0,195.0,92.0,59.0,176.0,55.0,49.0,225.0,94.0,80.0,178.0,fall_dark
72.0,53.0,154.0,90.0,68.0,147.0,58.0,38.0,155.0,61.0,41.0,159.0,186.0,140.0,124.0,191.0,146.0,133.0,121.0,85.0,161.0,72.0,57.0,212.0,120.0,91.0,157.0,fall_dark
-1,-1,-1,62.0,50.0,198.0,17.0,13.0,232.0,24.0,20.0,213.0,212.0,183.0,177.0,213.0,179.0,177.0,113.0,79.0,173.0,96.0,85.0,221.0,125.0,106.0,197.0,fall_dark
62.0,52.0,175.0,61.0,51.0,128.0,52.0,43.0,121.0,38.0,33.0,148.0,188.0,162.0,136.0,173.0,143.0,119.0,94.0,67.0,147.0,28.0,21.0,223.0,107.0,87.0,147.0,fall_dark
-1,-1,-1,77.0,63.0,191.0,-1,-1,-1,-1,-1,-1,203.0,167.0,152.0,215.0,177.0,161.0,103.0,76.0,177.0,89.0,72.0,207.0,117.0,96.0,192.0,fall_dark
78.0,64.0,139.0,92.0,79.0,187.0,80.0,68.0,159.0,78.0,68.0,174.0,225.0,206.0,208.0,234.0,218.0,223.0,106.0,54.0,157.0,93.0,85.0,228.0,143.0,125.0,200.0,fall_dark
38.0,31.0,145.0,31.0,26.0,213.0,12.0,11.0,225.0,-1,-1,-1,226.0,212.0,210.0,208.0,184.0,168.0,87.0,57.0,169.0,73.0,64.0,220.0,116.0,102.0,194.0,fall_dark
85.0,72.0,191.0,68.0,59.0,183.0,80.0,69.0,150.0,55.0,50.0,164.0,218.0,183.0,158.0,240.0,209.0,192.0,121.0,86.0,192.0,72.0,62.0,221.0,138.0,115.0,191.0,fall_dark
38.0,31.0,201.0,116.0,101.0,187.0,40.0,32.0,201.0,45.0,36.0,208.0,228.0,196.0,184.0,223.0,191.0,182.0,112.0,70.0,169.0,80.0,67.0,223.0,128.0,107.0,189.0,fall_dark
35.0,29.0,187.0,35.0,29.0,135.0,-1,-1,-1,40.0,41.0,207.0,197.0,175.0,159.0,200.0,179.0,166.0,91.0,59.0,145.0,76.0,68.0,216.0,118.0,103.0,183.0,fall_dark
52.0,38.0,193.0,40.0,30.0,161.0,57.0,45.0,123.0,39.0,31.0,120.0,209.0,159.0,140.0,225.0,173.0,152.0,100.0,55.0,129.0,44.0,33.0,222.0,130.0,96.0,153.0,fall_dark
66.0,48.0,125.0,64.0,47.0,168.0,-1,-1,-1,20.0,16.0,206.0,210.0,173.0,156.0,218.0,184.0,169.0,111.0,65.0,163.0,86.0,75.0,225.0,128.0,104.0,177.0,fall_dark
84.0,66.0,183.0,110.0,81.0,138.0,34.0,28.0,230.0,45.0,35.0,189.0,222.0,187.0,160.0,234.0,198.0,175.0,126.0,86.0,150.0,77.0,64.0,215.0,119.0,94.0,177.0,fall_dark
55.0,42.0,190.0,85.0,62.0,164.0,67.0,50.0,139.0,67.0,48.0,140.0,213.0,176.0,150.0,212.0,182.0,167.0,110.0,49.0,129.0,87.0,70.0,197.0,145.0,114.0,164.0,fall_dark
31.0,24.0,119.0,52.0,46.0,193.0,17.0,15.0,177.0,17.0,16.0,220.0,215.0,203.0,195.0,139.0,119.0,111.0,56.0,31.0,149.0,51.0,46.0,214.0,98.0,86.0,161.0,fall_dark
42.0,32.0,181.0,135.0,124.0,195.0,-1,-1,-1,43.0,36.0,194.0,237.0,217.0,205.0,189.0,150.0,129.0,98.0,60.0,152.0,58.0,50.0,228.0,108.0,87.0,168.0,fall_dark
53.0,37.0,102.0,96.0,74.0,161.0,56.0,43.0,150.0,67.0,51.0,151.0,231.0,201.0,168.0,221.0,184.0,141.0,113.0,48.0,122.0,77.0,65.0,218.0,125.0,100.0,169.0,fall_dark
44.0,32.0,184.0,58.0,41.0,136.0,-1,-1,-1,56.0,50.0,166.0,219.0,180.0,171.0,239.0,198.0,187.0,114.0,69.0,159.0,77.0,63.0,218.0,124.0,97.0,177.0,fall_dark
77.0,65.0,178.0,67.0,55.0,184.0,78.0,66.0,136.0,70.0,56.0,133.0,208.0,182.0,167.0,224.0,210.0,198.0,129.0,93.0,169.0,94.0,83.0,212.0,153.0,134.0,184.0,fall_dark
57.0,46.0,132.0,57.0,45.0,168.0,44.0,40.0,139.0,51.0,47.0,133.0,227.0,201.0,188.0,188.0,160.0,146.0,85.0,48.0,162.0,47.0,42.0,226.0,131.0,113.0,166.0,fall_dark
48.0,39.0,154.0,36.0,26.0,119.0,-1,-1,-1,37.0,31.0,164.0,202.0,167.0,124.0,244.0,229.0,210.0,114.0,81.0,174.0,71.0,62.0,220.0,133.0,115.0,177.0,spring_light
106.0,82.0,176.0,90.0,72.0,169.0,80.0,57.0,121.0,77.0,58.0,124.0,230.0,200.0,189.0,224.0,181.0,168.0,129.0,84.0,169.0,74.0,61.0,214.0,154.0,122.0,177.0,spring_light
92.0,77.0,208.0,75.0,59.0,165.0,26.0,22.0,200.0,80.0,65.0,124.0,219.0,185.0,172.0,245.0,213.0,197.0,129.0,97.0,182.0,66.0,54.0,221.0,141.0,119.0,195.0,spring_light
50.0,40.0,209.0,-1,-1,-1,50.0,43.0,223.0,32.0,26.0,208.0,210.0,173.0,163.0,221.0,189.0,169.0,71.0,38.0,200.0,82.0,65.0,212.0,109.0,86.0,182.0,spring_light
64.0,53.0,178.0,53.0,45.0,168.0,65.0,57.0,159.0,58.0,52.0,163.0,220.0,203.0,188.0,224.0,199.0,181.0,114.0,58.0,163.0,67.0,61.0,230.0,144.0,125.0,191.0,spring_light
57.0,47.0,207.0,91.0,77.0,191.0,-1,-1,-1,46.0,35.0,179.0,209.0,171.0,156.0,163.0,138.0,194.0,127.0,88.0,173.0,72.0,61.0,222.0,133.0,108.0,189.0,spring_light
-1,-1,-1,25.0,16.0,168.0,-1,-1,-1,-1,-1,-1,206.0,173.0,173.0,174.0,147.0,193.0,93.0,60.0,192.0,67.0,57.0,229.0,99.0,78.0,194.0,spring_light
85.0,63.0,184.0,58.0,42.0,187.0,16.0,12.0,239.0,21.0,16.0,229.0,217.0,184.0,168.0,239.0,208.0,190.0,109.0,63.0,162.0,45.0,37.0,233.0,139.0,116.0,197.0,spring_light
90.0,75.0,195.0,65.0,49.0,153.0,37.0,30.0,169.0,13.0,9.0,203.0,214.0,179.0,168.0,219.0,184.0,172.0,117.0,72.0,167.0,46.0,38.0,230.0,135.0,111.0,187.0,spring_light
103.0,89.0,191.0,50.0,40.0,167.0,34.0,33.0,204.0,-1,-1,-1,213.0,193.0,189.0,225.0,206.0,201.0,102.0,51.0,168.0,61.0,55.0,235.0,130.0,114.0,201.0,spring_light
47.0,40.0,158.0,41.0,33.0,183.0,37.0,31.0,120.0,51.0,43.0,133.0,230.0,192.0,186.0,229.0,191.0,185.0,113.0,81.0,170.0,80.0,67.0,214.0,142.0,119.0,189.0,spring_light
87.0,76.0,162.0,55.0,48.0,201.0,52.0,43.0,150.0,-1,-1,-1,219.0,194.0,189.0,218.0,191.0,179.0,120.0,90.0,183.0,73.0,63.0,220.0,131.0,114.0,193.0,spring_light
44.0,32.0,137.0,86.0,68.0,164.0,15.0,13.0,208.0,46.0,38.0,180.0,210.0,171.0,160.0,160.0,123.0,112.0,97.0,53.0,139.0,65.0,51.0,214.0,104.0,81.0,164.0,spring_light
66.0,59.0,200.0,47.0,41.0,176.0,66.0,62.0,146.0,57.0,53.0,142.0,223.0,207.0,205.0,209.0,189.0,183.0,110.0,56.0,165.0,38.0,32.0,231.0,141.0,125.0,187.0,spring_light
104.0,88.0,196.0,101.0,78.0,149.0,81.0,68.0,151.0,76.0,63.0,150.0,245.0,215.0,197.0,248.0,221.0,205.0,140.0,104.0,201.0,57.0,48.0,238.0,158.0,135.0,207.0,spring_light
110.0,88.0,168.0,68.0,46.0,125.0,37.0,27.0,183.0,-1,-1,-1,141.0,118.0,189.0,231.0,196.0,178.0,101.0,55.0,162.0,63.0,52.0,225.0,140.0,116.0,185.0,spring_light
65.0,49.0,177.0,64.0,49.0,177.0,79.0,62.0,143.0,67.0,54.0,147.0,218.0,184.0,182.0,228.0,201.0,199.0,127.0,92.0,178.0,86.0,71.0,218.0,146.0,122.0,193.0,spring_light
106.0,88.0,185.0,84.0,68.0,174.0,88.0,76.0,157.0,78.0,68.0,157.0,235.0,209.0,202.0,229.0,200.0,190.0,128.0,82.0,182.0,50.0,44.0,237.0,153.0,132.0,197.0,spring_light
67.0,57.0,215.0,43.0,33.0,138.0,29.0,29.0,199.0,36.0,33.0,175.0,197.0,166.0,150.0,243.0,217.0,204.0,103.0,60.0,148.0,38.0,32.0,236.0,151.0,131.0,200.0,spring_light
60.0,43.0,108.0,81.0,59.0,140.0,52.0,39.0,145.0,57.0,40.0,131.0,238.0,202.0,182.0,222.0,183.0,163.0,132.0,96.0,186.0,69.0,59.0,229.0,137.0,112.0,180.0,spring_light
83.0,72.0,198.0,17.0,14.0,242.0,75.0,67.0,165.0,77.0,67.0,150.0,226.0,201.0,194.0,233.0,211.0,207.0,111.0,69.0,175.0,62.0,55.0,234.0,135.0,119.0,209.0,spring_light
71.0,53.0,135.0,109.0,83.0,129.0,79.0,57.0,103.0,71.0,50.0,118.0,203.0,168.0,139.0,189.0,154.0,124.0,109.0,78.0,143.0,77.0,64.0,210.0,116.0,93.0,160.0,spring_light
36.0,28.0,111.0,43.0,37.0,188.0,22.0,20.0,167.0,-1,-1,-1,209.0,173.0,160.0,166.0,134.0,119.0,82.0,55.0,148.0,74.0,60.0,200.0,106.0,86.0,161.0,spring_light
33.0,27.0,204.0,-1,-1,-1,48.0,42.0,186.0,20.0,17.0,221.0,199.0,179.0,195.0,199.0,198.0,235.0,77.0,48.0,184.0,84.0,73.0,220.0,116.0,101.0,200.0,spring_light
-1,-1,-1,32.0,28.0,203.0,64.0,55.0,182.0,52.0,44.0,193.0,153.0,119.0,96.0,218.0,173.0,140.0,94.0,52.0,161.0,75.0,61.0,214.0,95.0,74.0,176.0,spring_light
72.0,50.0,148.0,86.0,66.0,188.0,52.0,37.0,122.0,79.0,64.0,133.0,237.0,196.0,167.0,213.0,159.0,123.0,129.0,68.0,141.0,79.0,65.0,215.0,148.0,118.0,169.0,spring_light
97.0,80.0,185.0,73.0,55.0,150.0,58.0,44.0,184.0,44.0,36.0,213.0,221.0,191.0,192.0,214.0,182.0,182.0,122.0,93.0,194.0,55.0,48.0,235.0,134.0,114.0,201.0,spring_light
19.0,15.0,231.0,69.0,56.0,175.0,-1,-1,-1,-1,-1,-1,237.0,202.0,197.0,232.0,197.0,196.0,120.0,69.0,177.0,97.0,85.0,232.0,144.0,120.0,208.0,spring_light
95.0,72.0,163.0,54.0,39.0,170.0,66.0,50.0,179.0,31.0,23.0,212.0,236.0,192.0,186.0,241.0,199.0,194.0,140.0,95.0,184.0,85.0,67.0,220.0,153.0,123.0,197.0,spring_light
29.0,25.0,189.0,-1,-1,-1,-1,-1,-1,-1,-1,-1,141.0,128.0,211.0,109.0,98.0,136.0,53.0,33.0,206.0,67.0,60.0,221.0,94.0,84.0,201.0,spring_light
-1,-1,-1,19.0,15.0,238.0,45.0,38.0,171.0,35.0,26.0,210.0,178.0,138.0,113.0,165.0,164.0,164.0,53.0,40.0,168.0,68.0,54.0,200.0,85.0,74.0,183.0,spring_light
75.0,64.0,207.0,61.0,49.0,170.0,74.0,60.0,129.0,58.0,47.0,121.0,214.0,185.0,175.0,221.0,194.0,185.0,114.0,89.0,184.0,56.0,47.0,223.0,141.0,120.0,189.0,spring_light
45.0,40.0,182.0,98.0,87.0,176.0,-1,-1,-1,23.0,20.0,190.0,213.0,194.0,180.0,229.0,208.0,193.0,104.0,59.0,156.0,77.0,69.0,221.0,133.0,118.0,189.0,spring_light
85.0,75.0,166.0,68.0,58.0,166.0,39.0,30.0,132.0,35.0,27.0,122.0,199.0,165.0,158.0,216.0,184.0,176.0,120.0,90.0,182.0,58.0,48.0,227.0,140.0,116.0,183.0,spring_light
57.0,48.0,220.0,-1,-1,-1,37.0,30.0,206.0,18.0,14.0,230.0,228.0,214.0,222.0,203.0,183.0,184.0,60.0,28.0,204.0,69.0,60.0,230.0,108.0,93.0,208.0,spring_light
86.0,70.0,172.0,70.0,58.0,196.0,34.0,30.0,223.0,27.0,23.0,244.0,248.0,230.0,217.0,233.0,207.0,197.0,127.0,88.0,180.0,86.0,77.0,227.0,140.0,122.0,204.0,spring_light
38.0,29.0,103.0,33.0,24.0,142.0,35.0,26.0,154.0,28.0,22.0,171.0,177.0,151.0,128.0,187.0,160.0,137.0,74.0,44.0,147.0,48.0,39.0,204.0,92.0,75.0,157.0,spring_light
65.0,54.0,154.0,58.0,48.0,166.0,51.0,46.0,165.0,51.0,47.0,172.0,179.0,156.0,142.0,210.0,194.0,182.0,100.0,68.0,167.0,84.0,75.0,203.0,113.0,98.0,171.0,spring_light
88.0,69.0,144.0,74.0,60.0,197.0,48.0,40.0,212.0,39.0,34.0,232.0,246.0,225.0,209.0,205.0,177.0,159.0,124.0,86.0,172.0,76.0,66.0,228.0,130.0,112.0,193.0,spring_light
39.0,26.0,145.0,55.0,40.0,140.0,-1,-1,-1,-1,-1,-1,231.0,196.0,193.0,221.0,184.0,177.0,118.0,84.0,174.0,98.0,85.0,225.0,140.0,118.0,198.0,winter_dark
-1,-1,-1,50.0,43.0,211.0,12.0,10.0,227.0,51.0,42.0,155.0,217.0,190.0,176.0,171.0,138.0,121.0,92.0,45.0,139.0,75.0,65.0,218.0,113.0,94.0,180.0,winter_dark
45.0,35.0,139.0,86.0,66.0,179.0,38.0,28.0,169.0,-1,-1,-1,223.0,184.0,156.0,196.0,157.0,131.0,122.0,82.0,144.0,94.0,72.0,179.0,134.0,105.0,153.0,winter_dark
27.0,22.0,178.0,-1,-1,-1,-1,-1,-1,-1,-1,-1,187.0,157.0,175.0,192.0,164.0,163.0,100.0,69.0,183.0,53.0,44.0,228.0,115.0,96.0,201.0,winter_dark
72.0,60.0,174.0,78.0,64.0,170.0,61.0,48.0,149.0,76.0,59.0,123.0,239.0,201.0,176.0,213.0,183.0,166.0,125.0,83.0,168.0,71.0,58.0,216.0,143.0,118.0,170.0,winter_dark
95.0,79.0,172.0,92.0,73.0,169.0,43.0,32.0,183.0,89.0,68.0,151.0,227.0,195.0,188.0,228.0,199.0,196.0,127.0,86.0,180.0,85.0,70.0,214.0,154.0,130.0,194.0,winter_dark
47.0,31.0,144.0,37.0,23.0,152.0,-1,-1,-1,-1,-1,-1,235.0,189.0,164.0,241.0,196.0,172.0,119.0,83.0,166.0,87.0,70.0,212.0,150.0,121.0,183.0,winter_dark
31.0,25.0,155.0,84.0,71.0,178.0,44.0,40.0,146.0,74.0,67.0,149.0,210.0,193.0,191.0,144.0,119.0,117.0,85.0,53.0,165.0,73.0,67.0,224.0,114.0,100.0,180.0,winter_dark
43.0,34.0,204.0,40.0,25.0,104.0,-1,-1,-1,59.0,46.0,175.0,245.0,213.0,192.0,199.0,174.0,209.0,139.0,97.0,181.0,81.0,68.0,223.0,148.0,125.0,204.0,winter_dark
35.0,28.0,185.0,-1,-1,-1,41.0,33.0,198.0,58.0,47.0,167.0,230.0,216.0,209.0,218.0,187.0,204.0,101.0,69.0,187.0,90.0,81.0,227.0,127.0,112.0,211.0,winter_dark
87.0,71.0,129.0,87.0,73.0,167.0,82.0,64.0,123.0,82.0,62.0,140.0,217.0,190.0,169.0,229.0,202.0,179.0,122.0,87.0,165.0,91.0,76.0,209.0,136.0,115.0,168.0,winter_dark
43.0,32.0,155.0,64.0,51.0,154.0,75.0,64.0,151.0,86.0,74.0,160.0,225.0,196.0,195.0,225.0,197.0,195.0,123.0,79.0,174.0,71.0,61.0,227.0,143.0,123.0,195.0,winter_dark
88.0,80.0,189.0,63.0,54.0,156.0,24.0,23.0,216.0,68.0,58.0,149.0,194.0,166.0,149.0,248.0,225.0,208.0,106.0,75.0,171.0,66.0,54.0,215.0,145.0,126.0,189.0,winter_dark
23.0,18.0,200.0,85.0,74.0,152.0,-1,-1,-1,26.0,24.0,192.0,233.0,217.0,220.0,165.0,144.0,200.0,105.0,68.0,156.0,35.0,27.0,225.0,113.0,92.0,171.0,winter_dark
41.0,34.0,171.0,63.0,54.0,141.0,16.0,14.0,213.0,68.0,60.0,152.0,241.0,213.0,203.0,222.0,195.0,190.0,108.0,74.0,156.0,58.0,49.0,219.0,141.0,122.0,195.0,winter_dark
73.0,57.0,127.0,73.0,63.0,193.0,36.0,27.0,142.0,32.0,27.0,186.0,193.0,168.0,156.0,225.0,194.0,177.0,118.0,82.0,178.0,97.0,82.0,213.0,133.0,111.0,170.0,winter_dark
84.0,68.0,177.0,92.0,73.0,160.0,12.0,7.0,220.0,81.0,62.0,144.0,212.0,174.0,155.0,242.0,209.0,191.0,103.0,67.0,171.0,81.0,66.0,209.0,139.0,113.0,176.0,winter_dark
19.0,16.0,236.0,-1,-1,-1,53.0,35.0,129.0,32.0,23.0,205.0,178.0,150.0,178.0,196.0,164.0,144.0,123.0,94.0,189.0,51.0,44.0,233.0,116.0,96.0,191.0,winter_dark
-1,-1,-1,51.0,45.0,220.0,-1,-1,-1,-1,-1,-1,214.0,196.0,189.0,171.0,149.0,169.0,105.0,72.0,170.0,92.0,80.0,211.0,114.0,101.0,198.0,winter_dark
64.0,51.0,163.0,41.0,30.0,140.0,72.0,54.0,121.0,75.0,59.0,137.0,221.0,190.0,174.0,218.0,189.0,177.0,114.0,73.0,162.0,57.0,46.0,220.0,145.0,123.0,183.0,winter_dark
81.0,68.0,173.0,88.0,73.0,166.0,79.0,69.0,178.0,87.0,77.0,174.0,239.0,214.0,207.0,234.0,208.0,202.0,123.0,81.0,175.0,69.0,58.0,223.0,150.0,129.0,199.0,winter_dark
62.0,42.0,113.0,61.0,39.0,123.0,74.0,49.0,159.0,55.0,37.0,177.0,231.0,186.0,156.0,222.0,177.0,147.0,106.0,62.0,143.0,77.0,59.0,206.0,139.0,105.0,163.0,winter_dark
-1,-1,-1,88.0,76.0,197.0,-1,-1,-1,-1,-1,-1,225.0,199.0,187.0,216.0,189.0,184.0,120.0,76.0,184.0,84.0,71.0,222.0,125.0,107.0,204.0,winter_dark
96.0,75.0,188.0,80.0,64.0,186.0,85.0,62.0,161.0,103.0,78.0,161.0,232.0,210.0,212.0,231.0,198.0,200.0,95.0,61.0,160.0,61.0,47.0,224.0,147.0,111.0,192.0,winter_dark
50.0,34.0,179.0,58.0,40.0,174.0,75.0,63.0,179.0,75.0,62.0,166.0,211.0,162.0,133.0,245.0,210.0,185.0,114.0,67.0,164.0,110.0,80.0,180.0,138.0,101.0,146.0,winter_dark
140.0,117.0,157.0,124.0,101.0,166.0,38.0,29.0,220.0,64.0,50.0,177.0,231.0,196.0,177.0,231.0,194.0,174.0,135.0,100.0,172.0,98.0,82.0,218.0,143.0,119.0,195.0,winter_dark
84.0,64.0,143.0,49.0,39.0,191.0,56.0,45.0,168.0,-1,-1,-1,237.0,214.0,206.0,217.0,176.0,156.0,116.0,75.0,167.0,67.0,55.0,225.0,147.0,123.0,188.0,winter_dark
70.0,58.0,157.0,54.0,49.0,163.0,76.0,60.0,171.0,45.0,38.0,171.0,177.0,155.0,188.0,224.0,193.0,179.0,123.0,82.0,162.0,52.0,43.0,227.0,148.0,125.0,185.0,winter_dark
101.0,93.0,203.0,85.0,79.0,195.0,107.0,99.0,189.0,65.0,62.0,198.0,222.0,201.0,209.0,238.0,217.0,220.0,105.0,87.0,184.0,83.0,73.0,229.0,137.0,123.0,210.0,winter_dark
69.0,54.0,169.0,63.0,41.0,158.0,81.0,71.0,182.0,72.0,62.0,183.0,207.0,152.0,133.0,210.0,164.0,147.0,118.0,78.0,161.0,62.0,43.0,207.0,123.0,90.0,146.0,winter_dark
86.0,72.0,137.0,112.0,92.0,172.0,-1,-1,-1,-1,-1,-1,226.0,190.0,172.0,146.0,122.0,180.0,118.0,77.0,156.0,108.0,91.0,216.0,143.0,119.0,189.0,winter_dark
56.0,48.0,173.0,70.0,61.0,185.0,47.0,38.0,176.0,45.0,36.0,172.0,205.0,169.0,173.0,197.0,165.0,168.0,107.0,86.0,187.0,73.0,60.0,221.0,129.0,107.0,186.0,winter_dark
89.0,73.0,172.0,89.0,76.0,196.0,62.0,49.0,147.0,54.0,43.0,174.0,238.0,210.0,204.0,233.0,204.0,198.0,129.0,90.0,173.0,103.0,88.0,216.0,153.0,131.0,195.0,winter_dark
73.0,61.0,169.0,96.0,83.0,183.0,22.0,20.0,215.0,52.0,46.0,170.0,228.0,199.0,179.0,208.0,179.0,162.0,108.0,71.0,162.0,70.0,60.0,225.0,133.0,113.0,179.0,winter_dark
24.0,14.0,153.0,56.0,39.0,137.0,56.0,43.0,131.0,60.0,48.0,138.0,232.0,181.0,164.0,245.0,194.0,179.0,119.0,49.0,161.0,53.0,39.0,227.0,141.0,104.0,176.0,winter_dark
73.0,63.0,198.0,80.0,68.0,177.0,25.0,22.0,212.0,47.0,39.0,181.0,235.0,199.0,182.0,243.0,209.0,191.0,139.0,97.0,182.0,70.0,58.0,222.0,147.0,121.0,190.0,winter_dark
20.0,10.0,127.0,46.0,29.0,137.0,62.0,50.0,138.0,47.0,36.0,160.0,224.0,196.0,183.0,218.0,188.0,176.0,112.0,62.0,158.0,66.0,56.0,220.0,139.0,115.0,172.0,winter_dark
98.0,89.0,180.0,62.0,56.0,222.0,33.0,31.0,208.0,-1,-1,-1,236.0,218.0,209.0,230.0,209.0,187.0,115.0,84.0,178.0,112.0,102.0,220.0,145.0,129.0,201.0,winter_dark
76.0,60.0,194.0,58.0,44.0,181.0,90.0,74.0,163.0,65.0,52.0,148.0,229.0,183.0,181.0,231.0,187.0,183.0,120.0,105.0,194.0,57.0,43.0,222.0,153.0,127.0,185.0,winter_dark
68.0,51.0,141.0,36.0,24.0,164.0,53.0,45.0,187.0,52.0,42.0,183.0,202.0,178.0,174.0,198.0,176.0,173.0,110.0,74.0,162.0,61.0,53.0,222.0,115.0,97.0,182.0,winter_dark
64.0,49.0,147.0,92.0,74.0,162.0,65.0,45.0,119.0,76.0,54.0,121.0,196.0,150.0,141.0,153.0,115.0,113.0,83.0,47.0,139.0,66.0,51.0,218.0,117.0,89.0,157.0,winter_dark
93.0,81.0,129.0,59.0,49.0,143.0,-1,-1,-1,-1,-1,-1,142.0,124.0,104.0,170.0,156.0,182.0,87.0,61.0,142.0,80.0,67.0,180.0,95.0,81.0,156.0,winter_dark
121.0,99.0,166.0,80.0,63.0,151.0,54.0,40.0,165.0,45.0,32.0,159.0,198.0,172.0,158.0,225.0,194.0,177.0,101.0,68.0,154.0,54.0,45.0,219.0,136.0,113.0,178.0,winter_dark
83.0,66.0,160.0,49.0,39.0,159.0,75.0,66.0,146.0,64.0,56.0,156.0,206.0,183.0,176.0,218.0,200.0,193.0,103.0,65.0,170.0,58.0,50.0,229.0,127.0,111.0,195.0,winter_dark
78.0,63.0,199.0,77.0,56.0,147.0,42.0,31.0,178.0,42.0,31.0,140.0,182.0,145.0,179.0,226.0,184.0,181.0,123.0,85.0,176.0,47.0,37.0,230.0,143.0,114.0,183.0,winter_dark
62.0,47.0,155.0,66.0,51.0,160.0,65.0,48.0,129.0,47.0,34.0,141.0,210.0,159.0,138.0,198.0,148.0,128.0,113.0,84.0,169.0,73.0,53.0,209.0,138.0,102.0,160.0,winter_dark
80.0,60.0,99.0,75.0,62.0,176.0,47.0,38.0,161.0,67.0,55.0,149.0,223.0,197.0,193.0,226.0,203.0,203.0,113.0,72.0,177.0,102.0,91.0,218.0,146.0,127.0,192.0,winter_dark
47.0,40.0,182.0,60.0,51.0,169.0,19.0,10.0,166.0,41.0,27.0,143.0,189.0,150.0,135.0,168.0,137.0,138.0,108.0,82.0,163.0,56.0,44.0,211.0,113.0,91.0,172.0,winter_dark
97.0,74.0,162.0,102.0,80.0,163.0,-1,-1,-1,74.0,56.0,149.0,216.0,177.0,155.0,239.0,204.0,183.0,118.0,80.0,158.0,92.0,73.0,199.0,139.0,112.0,173.0,winter_dark
76.0,60.0,184.0,-1,-1,-1,-1,-1,-1,-1,-1,-1,229.0,200.0,185.0,207.0,177.0,169.0,76.0,48.0,193.0,74.0,61.0,219.0,120.0,100.0,198.0,winter_dark
52.0,35.0,166.0,33.0,20.0,156.0,68.0,57.0,151.0,73.0,60.0,158.0,236.0,197.0,191.0,241.0,207.0,202.0,123.0,66.0,176.0,99.0,84.0,218.0,155.0,125.0,185.0,winter_dark
78.0,64.0,195.0,107.0,93.0,216.0,52.0,48.0,203.0,107.0,94.0,174.0,234.0,211.0,209.0,232.0,207.0,205.0,130.0,86.0,187.0,103.0,90.0,225.0,153.0,132.0,205.0,winter_dark
44.0,36.0,217.0,124.0,100.0,154.0,-1,-1,-1,32.0,24.0,195.0,214.0,173.0,193.0,169.0,144.0,192.0,118.0,81.0,178.0,60.0,50.0,222.0,114.0,92.0,198.0,winter_dark
78.0,68.0,171.0,94.0,78.0,168.0,39.0,31.0,169.0,43.0,35.0,164.0,223.0,193.0,177.0,235.0,216.0,205.0,100.0,60.0,153.0,101.0,92.0,220.0,136.0,114.0,173.0,winter_dark
90.0,71.0,158.0,109.0,87.0,161.0,65.0,53.0,194.0,79.0,65.0,171.0,224.0,186.0,181.0,211.0,170.0,164.0,106.0,70.0,176.0,85.0,72.0,221.0,120.0,97.0,182.0,summer_light
78.0,66.0,159.0,93.0,84.0,214.0,70.0,62.0,166.0,91.0,82.0,169.0,229.0,215.0,216.0,204.0,185.0,187.0,98.0,59.0,170.0,88.0,81.0,229.0,140.0,126.0,203.0,summer_light
62.0,52.0,191.0,87.0,77.0,192.0,51.0,44.0,192.0,50.0,43.0,183.0,216.0,195.0,201.0,222.0,201.0,209.0,122.0,72.0,175.0,72.0,65.0,232.0,132.0,115.0,201.0,summer_light
14.0,11.0,239.0,80.0,62.0,192.0,81.0,60.0,143.0,96.0,73.0,121.0,213.0,169.0,158.0,229.0,189.0,181.0,132.0,101.0,182.0,91.0,74.0,212.0,122.0,98.0,188.0,summer_light
63.0,51.0,197.0,-1,-1,-1,49.0,36.0,175.0,56.0,38.0,152.0,226.0,186.0,162.0,202.0,157.0,164.0,81.0,47.0,177.0,94.0,76.0,209.0,128.0,100.0,186.0,summer_light
99.0,77.0,160.0,95.0,89.0,189.0,64.0,50.0,158.0,77.0,63.0,156.0,216.0,196.0,186.0,207.0,160.0,135.0,119.0,91.0,165.0,69.0,59.0,223.0,137.0,114.0,181.0,summer_light
34.0,29.0,221.0,34.0,30.0,241.0,70.0,59.0,201.0,94.0,81.0,191.0,245.0,228.0,228.0,228.0,208.0,210.0,114.0,71.0,202.0,109.0,101.0,241.0,147.0,131.0,223.0,summer_light
-1,-1,-1,58.0,51.0,188.0,28.0,24.0,203.0,28.0,25.0,204.0,194.0,173.0,165.0,214.0,198.0,203.0,87.0,47.0,185.0,74.0,66.0,222.0,117.0,104.0,197.0,summer_light
47.0,36.0,213.0,107.0,85.0,186.0,-1,-1,-1,-1,-1,-1,202.0,157.0,142.0,222.0,170.0,155.0,102.0,73.0,181.0,70.0,52.0,210.0,119.0,93.0,176.0,summer_light
74.0,50.0,152.0,102.0,67.0,136.0,58.0,39.0,118.0,55.0,36.0,123.0,204.0,141.0,112.0,201.0,139.0,116.0,99.0,60.0,153.0,73.0,47.0,203.0,114.0,77.0,158.0,summer_light
28.0,25.0,236.0,60.0,52.0,192.0,35.0,29.0,213.0,38.0,32.0,207.0,216.0,199.0,200.0,234.0,225.0,227.0,120.0,69.0,184.0,62.0,57.0,235.0,122.0,110.0,206.0,summer_light
90.0,74.0,201.0,100.0,85.0,201.0,-1,-1,-1,-1,-1,-1,214.0,186.0,188.0,207.0,178.0,198.0,125.0,84.0,170.0,90.0,79.0,216.0,138.0,118.0,210.0,summer_light
100.0,88.0,169.0,63.0,51.0,180.0,32.0,24.0,171.0,-1,-1,-1,187.0,156.0,146.0,223.0,200.0,194.0,106.0,80.0,169.0,55.0,44.0,209.0,123.0,105.0,184.0,summer_light
23.0,17.0,192.0,29.0,22.0,213.0,13.0,11.0,212.0,-1,-1,-1,192.0,165.0,160.0,171.0,144.0,135.0,89.0,48.0,160.0,83.0,72.0,211.0,101.0,83.0,176.0,summer_light
59.0,53.0,177.0,87.0,77.0,192.0,13.0,12.0,248.0,22.0,19.0,233.0,216.0,197.0,204.0,180.0,164.0,167.0,133.0,103.0,189.0,65.0,59.0,230.0,123.0,110.0,197.0,summer_light
56.0,48.0,203.0,93.0,84.0,225.0,-1,-1,-1,12.0,10.0,240.0,246.0,236.0,241.0,230.0,209.0,215.0,120.0,82.0,191.0,81.0,78.0,246.0,147.0,134.0,223.0,summer_light
38.0,37.0,189.0,37.0,35.0,213.0,36.0,32.0,183.0,-1,-1,-1,173.0,160.0,187.0,174.0,165.0,195.0,56.0,43.0,214.0,65.0,61.0,231.0,103.0,96.0,203.0,summer_light
64.0,55.0,163.0,124.0,110.0,192.0,13.0,11.0,223.0,50.0,44.0,195.0,242.0,230.0,227.0,212.0,189.0,186.0,125.0,94.0,184.0,80.0,76.0,240.0,145.0,131.0,206.0,summer_light
-1,-1,-1,26.0,21.0,232.0,22.0,15.0,203.0,24.0,17.0,204.0,213.0,186.0,170.0,157.0,127.0,158.0,62.0,39.0,189.0,88.0,74.0,208.0,112.0,93.0,192.0,summer_light
95.0,73.0,146.0,98.0,79.0,191.0,57.0,41.0,191.0,74.0,52.0,151.0,229.0,191.0,180.0,188.0,145.0,131.0,89.0,61.0,136.0,89.0,72.0,205.0,115.0,90.0,169.0,summer_light
41.0,30.0,187.0,13.0,11.0,243.0,-1,-1,-1,-1,-1,-1,233.0,204.0,192.0,215.0,183.0,169.0,103.0,70.0,181.0,97.0,81.0,213.0,131.0,109.0,196.0,summer_light
78.0,58.0,157.0,112.0,97.0,201.0,45.0,35.0,172.0,95.0,78.0,144.0,232.0,204.0,200.0,230.0,200.0,195.0,134.0,95.0,186.0,88.0,78.0,233.0,143.0,121.0,201.0,summer_light
101.0,88.0,170.0,74.0,63.0,190.0,43.0,35.0,165.0,-1,-1,-1,226.0,200.0,189.0,233.0,204.0,190.0,116.0,84.0,171.0,76.0,66.0,225.0,144.0,123.0,189.0,summer_light
76.0,61.0,181.0,33.0,28.0,236.0,22.0,19.0,224.0,-1,-1,-1,217.0,201.0,221.0,200.0,178.0,188.0,99.0,67.0,186.0,94.0,81.0,218.0,135.0,117.0,203.0,summer_light
48.0,40.0,198.0,-1,-1,-1,-1,-1,-1,-1,-1,-1,186.0,169.0,199.0,199.0,177.0,162.0,94.0,72.0,189.0,73.0,67.0,228.0,100.0,86.0,194.0,summer_light
73.0,59.0,172.0,113.0,95.0,184.0,-1,-1,-1,41.0,30.0,169.0,232.0,200.0,179.0,213.0,180.0,163.0,127.0,88.0,167.0,67.0,57.0,224.0,146.0,123.0,183.0,summer_light
87.0,64.0,144.0,136.0,117.0,186.0,26.0,20.0,232.0,54.0,43.0,201.0,225.0,196.0,192.0,225.0,194.0,190.0,125.0,88.0,190.0,94.0,82.0,228.0,130.0,109.0,200.0,summer_light
69.0,57.0,163.0,18.0,15.0,225.0,-1,-1,-1,-1,-1,-1,173.0,143.0,128.0,176.0,147.0,131.0,89.0,65.0,164.0,53.0,42.0,208.0,98.0,79.0,168.0,summer_light
75.0,58.0,178.0,90.0,70.0,181.0,20.0,19.0,227.0,51.0,44.0,180.0,236.0,200.0,187.0,242.0,210.0,197.0,120.0,86.0,178.0,78.0,66.0,228.0,147.0,122.0,194.0,summer_light
62.0,51.0,209.0,92.0,76.0,194.0,19.0,15.0,240.0,15.0,11.0,231.0,210.0,184.0,188.0,230.0,207.0,203.0,110.0,60.0,152.0,78.0,67.0,212.0,116.0,98.0,188.0,summer_light
60.0,42.0,181.0,86.0,59.0,178.0,54.0,42.0,200.0,130.0,103.0,166.0,247.0,212.0,196.0,247.0,212.0,198.0,147.0,90.0,194.0,102.0,84.0,224.0,160.0,127.0,202.0,summer_light
70.0,63.0,194.0,48.0,45.0,212.0,52.0,46.0,188.0,54.0,50.0,168.0,228.0,207.0,206.0,204.0,182.0,182.0,107.0,74.0,171.0,99.0,93.0,225.0,120.0,108.0,198.0,summer_light
76.0,60.0,202.0,129.0,108.0,196.0,32.0,28.0,240.0,40.0,32.0,200.0,233.0,204.0,203.0,238.0,208.0,208.0,127.0,85.0,186.0,91.0,79.0,226.0,140.0,118.0,205.0,summer_light
94.0,73.0,171.0,132.0,108.0,186.0,55.0,42.0,179.0,62.0,46.0,179.0,235.0,204.0,198.0,229.0,196.0,193.0,139.0,103.0,195.0,95.0,81.0,224.0,147.0,124.0,201.0,summer_light
60.0,49.0,198.0,133.0,117.0,193.0,-1,-1,-1,60.0,51.0,162.0,224.0,204.0,203.0,224.0,208.0,205.0,121.0,87.0,170.0,87.0,77.0,217.0,136.0,119.0,195.0,summer_light
72.0,56.0,141.0,83.0,71.0,207.0,26.0,20.0,169.0,24.0,19.0,234.0,240.0,213.0,216.0,145.0,114.0,121.0,82.0,44.0,145.0,81.0,68.0,206.0,108.0,87.0,172.0,summer_light
99.0,79.0,184.0,67.0,57.0,230.0,52.0,45.0,219.0,85.0,73.0,211.0,244.0,214.0,216.0,216.0,184.0,195.0,135.0,93.0,189.0,103.0,90.0,226.0,134.0,113.0,212.0,summer_light
97.0,83.0,206.0,110.0,86.0,171.0,37.0,31.0,200.0,44.0,36.0,162.0,239.0,210.0,204.0,243.0,217.0,212.0,134.0,85.0,184.0,70.0,60.0,230.0,145.0,124.0,205.0,summer_light
