right_eyebrow_1_red,right_eyebrow_1_green,right_eyebrow_1_blue,left_eyebrow_1_red,left_eyebrow_1_green,left_eyebrow_1_blue,right_eye_1_red,right_eye_1_green,right_eye_1_blue,left_eye_1_red,left_eye_1_green,left_eye_1_blue,right_cheek_1_red,right_cheek_1_green,right_cheek_1_blue,left_cheek_1_red,left_cheek_1_green,left_cheek_1_blue,mouth_1_red,mouth_1_green,mouth_1_blue,nose_1_red,nose_1_green,nose_1_blue,label
39.0,26.0,145.0,55.0,40.0,140.0,77.0,61.0,138.0,70.0,57.0,152.0,231.0,196.0,193.0,221.0,184.0,177.0,118.0,84.0,174.0,100.0,87.0,225.0,winter
43.0,34.0,158.0,91.0,79.0,190.0,69.0,55.0,142.0,81.0,64.0,159.0,239.0,211.0,198.0,210.0,183.0,171.0,120.0,48.0,147.0,72.0,62.0,231.0,winter
50.0,39.0,143.0,55.0,47.0,206.0,48.0,40.0,115.0,52.0,43.0,147.0,217.0,190.0,176.0,171.0,138.0,121.0,92.0,45.0,139.0,75.0,65.0,218.0,winter
60.0,42.0,162.0,75.0,55.0,195.0,72.0,54.0,139.0,75.0,52.0,143.0,246.0,185.0,161.0,177.0,120.0,105.0,99.0,43.0,160.0,60.0,43.0,216.0,winter
45.0,35.0,139.0,86.0,66.0,179.0,70.0,52.0,132.0,88.0,65.0,114.0,223.0,184.0,156.0,196.0,157.0,131.0,122.0,82.0,144.0,102.0,78.0,175.0,winter
86.0,71.0,177.0,82.0,67.0,198.0,56.0,47.0,147.0,59.0,48.0,145.0,227.0,194.0,195.0,215.0,183.0,188.0,109.0,64.0,190.0,85.0,70.0,223.0,winter
32.0,26.0,171.0,-1,-1,-1,51.0,42.0,173.0,15.0,12.0,243.0,187.0,157.0,175.0,194.0,165.0,161.0,100.0,69.0,183.0,56.0,47.0,227.0,winter
72.0,60.0,174.0,78.0,64.0,170.0,79.0,61.0,132.0,76.0,59.0,123.0,239.0,201.0,176.0,213.0,183.0,166.0,125.0,83.0,168.0,75.0,61.0,215.0,winter
95.0,79.0,172.0,92.0,73.0,169.0,96.0,73.0,138.0,89.0,68.0,151.0,227.0,195.0,188.0,228.0,199.0,196.0,127.0,86.0,180.0,89.0,73.0,213.0,winter
80.0,65.0,181.0,82.0,67.0,198.0,54.0,44.0,153.0,59.0,48.0,145.0,227.0,194.0,194.0,214.0,182.0,188.0,111.0,66.0,190.0,86.0,71.0,223.0,winter
63.0,51.0,175.0,78.0,67.0,210.0,82.0,66.0,160.0,75.0,57.0,153.0,235.0,203.0,211.0,194.0,156.0,152.0,94.0,62.0,193.0,75.0,61.0,225.0,winter
67.0,56.0,179.0,66.0,56.0,188.0,78.0,70.0,158.0,71.0,62.0,160.0,208.0,165.0,150.0,211.0,174.0,163.0,85.0,51.0,125.0,86.0,71.0,207.0,winter
47.0,31.0,144.0,37.0,23.0,152.0,31.0,24.0,123.0,31.0,24.0,135.0,235.0,189.0,164.0,241.0,196.0,172.0,119.0,83.0,166.0,89.0,72.0,211.0,winter
31.0,25.0,155.0,84.0,71.0,178.0,45.0,41.0,140.0,74.0,67.0,149.0,210.0,193.0,191.0,144.0,119.0,117.0,85.0,53.0,165.0,73.0,67.0,224.0,winter
51.0,40.0,195.0,40.0,25.0,104.0,78.0,62.0,171.0,78.0,61.0,166.0,245.0,213.0,192.0,244.0,212.0,196.0,139.0,97.0,181.0,102.0,86.0,218.0,winter
36.0,29.0,182.0,19.0,14.0,190.0,57.0,46.0,166.0,58.0,47.0,166.0,230.0,216.0,209.0,218.0,187.0,204.0,101.0,69.0,187.0,90.0,81.0,227.0,winter
73.0,47.0,135.0,113.0,80.0,176.0,68.0,49.0,148.0,75.0,54.0,162.0,233.0,197.0,200.0,232.0,192.0,199.0,128.0,65.0,188.0,71.0,60.0,232.0,winter
87.0,71.0,129.0,87.0,73.0,167.0,82.0,64.0,123.0,82.0,62.0,140.0,217.0,190.0,169.0,229.0,202.0,179.0,122.0,87.0,165.0,91.0,76.0,209.0,winter
64.0,54.0,222.0,59.0,49.0,153.0,60.0,48.0,159.0,33.0,27.0,172.0,235.0,207.0,206.0,241.0,217.0,217.0,139.0,86.0,196.0,51.0,44.0,240.0,winter
43.0,32.0,155.0,64.0,51.0,154.0,75.0,64.0,151.0,86.0,74.0,160.0,225.0,196.0,195.0,225.0,197.0,195.0,123.0,79.0,174.0,71.0,61.0,227.0,winter
103.0,79.0,174.0,61.0,50.0,156.0,97.0,68.0,144.0,91.0,63.0,119.0,157.0,119.0,173.0,221.0,166.0,142.0,125.0,74.0,156.0,55.0,40.0,221.0,winter
88.0,80.0,189.0,63.0,54.0,156.0,96.0,85.0,154.0,68.0,58.0,149.0,194.0,166.0,149.0,248.0,225.0,208.0,106.0,75.0,171.0,68.0,56.0,214.0,winter
52.0,34.0,200.0,34.0,20.0,158.0,63.0,44.0,159.0,60.0,42.0,146.0,241.0,199.0,182.0,230.0,177.0,157.0,107.0,64.0,187.0,58.0,45.0,228.0,winter
23.0,18.0,195.0,85.0,74.0,152.0,33.0,28.0,144.0,26.0,24.0,192.0,240.0,223.0,218.0,200.0,172.0,167.0,105.0,68.0,156.0,39.0,30.0,225.0,winter
50.0,40.0,163.0,25.0,18.0,197.0,52.0,47.0,153.0,61.0,55.0,160.0,208.0,190.0,189.0,229.0,217.0,217.0,104.0,37.0,142.0,83.0,74.0,227.0,winter
41.0,34.0,171.0,63.0,54.0,141.0,65.0,58.0,151.0,68.0,60.0,152.0,241.0,213.0,203.0,225.0,198.0,188.0,108.0,74.0,156.0,63.0,54.0,218.0,winter
73.0,57.0,127.0,73.0,63.0,193.0,45.0,34.0,133.0,67.0,52.0,134.0,193.0,168.0,156.0,225.0,194.0,177.0,118.0,82.0,178.0,98.0,83.0,212.0,winter
95.0,79.0,155.0,65.0,53.0,197.0,64.0,52.0,139.0,58.0,47.0,136.0,220.0,200.0,190.0,210.0,190.0,179.0,109.0,71.0,164.0,70.0,61.0,222.0,winter
84.0,68.0,177.0,92.0,73.0,160.0,85.0,66.0,152.0,81.0,62.0,144.0,212.0,174.0,155.0,242.0,209.0,191.0,103.0,67.0,171.0,85.0,69.0,208.0,winter
87.0,72.0,180.0,80.0,68.0,181.0,94.0,73.0,142.0,67.0,52.0,165.0,234.0,203.0,187.0,207.0,168.0,152.0,113.0,75.0,171.0,66.0,55.0,223.0,winter
78.0,71.0,195.0,111.0,102.0,206.0,40.0,30.0,169.0,71.0,54.0,129.0,236.0,205.0,193.0,216.0,182.0,169.0,126.0,98.0,186.0,96.0,86.0,231.0,winter
73.0,58.0,159.0,29.0,18.0,147.0,53.0,35.0,129.0,52.0,35.0,135.0,178.0,150.0,178.0,196.0,164.0,144.0,123.0,94.0,189.0,51.0,44.0,233.0,winter
26.0,21.0,176.0,57.0,50.0,214.0,33.0,29.0,134.0,43.0,37.0,153.0,214.0,196.0,189.0,171.0,149.0,169.0,105.0,72.0,170.0,100.0,88.0,209.0,winter
64.0,51.0,163.0,41.0,30.0,140.0,72.0,54.0,121.0,75.0,59.0,137.0,221.0,190.0,174.0,218.0,189.0,177.0,114.0,73.0,162.0,57.0,46.0,220.0,winter
81.0,68.0,173.0,88.0,73.0,166.0,88.0,77.0,155.0,88.0,78.0,160.0,239.0,214.0,207.0,234.0,208.0,202.0,123.0,81.0,175.0,70.0,59.0,223.0,winter
36.0,25.0,137.0,66.0,52.0,164.0,36.0,25.0,110.0,40.0,27.0,129.0,215.0,186.0,189.0,224.0,204.0,207.0,117.0,57.0,188.0,90.0,79.0,230.0,winter
62.0,42.0,113.0,61.0,39.0,123.0,87.0,56.0,122.0,95.0,62.0,100.0,231.0,186.0,156.0,222.0,177.0,147.0,106.0,62.0,143.0,77.0,59.0,206.0,winter
29.0,23.0,153.0,42.0,38.0,122.0,70.0,55.0,150.0,60.0,48.0,126.0,245.0,220.0,224.0,252.0,231.0,238.0,139.0,91.0,207.0,96.0,86.0,242.0,winter
38.0,32.0,178.0,60.0,54.0,166.0,57.0,43.0,159.0,76.0,56.0,148.0,234.0,197.0,189.0,189.0,150.0,178.0,120.0,78.0,176.0,121.0,95.0,197.0,winter
50.0,46.0,144.0,99.0,94.0,200.0,52.0,48.0,128.0,80.0,75.0,161.0,244.0,229.0,225.0,202.0,183.0,188.0,127.0,100.0,205.0,108.0,99.0,230.0,winter
40.0,31.0,191.0,88.0,76.0,197.0,41.0,31.0,207.0,81.0,67.0,184.0,225.0,199.0,187.0,217.0,190.0,183.0,120.0,76.0,184.0,97.0,83.0,218.0,winter
111.0,97.0,186.0,83.0,75.0,186.0,74.0,66.0,174.0,86.0,78.0,165.0,241.0,215.0,219.0,226.0,196.0,198.0,133.0,82.0,197.0,71.0,62.0,239.0,winter
96.0,75.0,188.0,80.0,64.0,186.0,85.0,62.0,161.0,103.0,78.0,161.0,232.0,210.0,212.0,231.0,198.0,200.0,95.0,61.0,160.0,61.0,47.0,224.0,winter
66.0,50.0,194.0,50.0,33.0,154.0,63.0,50.0,137.0,63.0,50.0,136.0,228.0,201.0,184.0,241.0,219.0,204.0,106.0,33.0,131.0,65.0,55.0,223.0,winter
82.0,63.0,167.0,87.0,68.0,173.0,79.0,60.0,133.0,79.0,62.0,135.0,236.0,186.0,162.0,242.0,189.0,162.0,116.0,66.0,150.0,87.0,66.0,211.0,winter
50.0,34.0,179.0,58.0,40.0,174.0,75.0,63.0,179.0,79.0,64.0,159.0,211.0,162.0,133.0,245.0,210.0,185.0,114.0,67.0,164.0,110.0,80.0,180.0,winter
140.0,117.0,157.0,124.0,101.0,166.0,108.0,85.0,123.0,97.0,76.0,128.0,231.0,196.0,177.0,231.0,194.0,174.0,135.0,100.0,172.0,100.0,84.0,217.0,winter
61.0,47.0,197.0,16.0,10.0,164.0,29.0,21.0,145.0,26.0,16.0,163.0,217.0,172.0,156.0,227.0,182.0,176.0,118.0,64.0,198.0,84.0,65.0,215.0,winter
84.0,64.0,143.0,51.0,40.0,190.0,71.0,55.0,154.0,72.0,55.0,151.0,237.0,214.0,206.0,217.0,176.0,156.0,116.0,75.0,167.0,77.0,65.0,223.0,winter
70.0,58.0,157.0,54.0,49.0,163.0,92.0,73.0,162.0,70.0,60.0,153.0,177.0,155.0,188.0,224.0,193.0,179.0,123.0,82.0,162.0,56.0,46.0,225.0,winter
101.0,93.0,203.0,85.0,79.0,195.0,107.0,99.0,189.0,91.0,84.0,189.0,222.0,201.0,209.0,238.0,217.0,220.0,105.0,87.0,184.0,87.0,77.0,229.0,winter
69.0,54.0,169.0,63.0,41.0,158.0,96.0,84.0,169.0,89.0,77.0,160.0,207.0,152.0,133.0,210.0,164.0,147.0,118.0,78.0,161.0,62.0,43.0,206.0,winter
65.0,50.0,159.0,54.0,41.0,175.0,44.0,30.0,119.0,48.0,33.0,131.0,247.0,203.0,173.0,214.0,162.0,130.0,71.0,39.0,175.0,63.0,48.0,210.0,winter
68.0,54.0,190.0,36.0,26.0,168.0,46.0,38.0,153.0,42.0,31.0,125.0,124.0,98.0,180.0,191.0,144.0,131.0,89.0,42.0,157.0,38.0,28.0,222.0,winter
50.0,43.0,139.0,89.0,78.0,200.0,62.0,56.0,144.0,65.0,55.0,150.0,229.0,199.0,199.0,192.0,167.0,196.0,118.0,63.0,159.0,104.0,90.0,223.0,winter
87.0,73.0,202.0,58.0,45.0,190.0,60.0,52.0,177.0,51.0,42.0,175.0,224.0,186.0,189.0,219.0,190.0,191.0,85.0,53.0,186.0,46.0,33.0,221.0,winter
74.0,51.0,127.0,77.0,54.0,146.0,47.0,34.0,127.0,55.0,40.0,115.0,202.0,162.0,148.0,207.0,167.0,153.0,88.0,56.0,158.0,83.0,65.0,200.0,winter
43.0,28.0,158.0,65.0,52.0,155.0,55.0,39.0,139.0,67.0,52.0,124.0,198.0,163.0,162.0,222.0,173.0,147.0,85.0,52.0,184.0,60.0,48.0,215.0,winter
76.0,59.0,144.0,79.0,62.0,142.0,55.0,43.0,134.0,57.0,42.0,135.0,228.0,209.0,198.0,219.0,197.0,183.0,116.0,93.0,190.0,64.0,57.0,232.0,winter
71.0,58.0,155.0,122.0,103.0,193.0,65.0,61.0,154.0,76.0,68.0,168.0,235.0,206.0,206.0,205.0,173.0,176.0,116.0,73.0,188.0,104.0,90.0,220.0,winter
86.0,62.0,137.0,71.0,54.0,176.0,53.0,46.0,141.0,52.0,45.0,133.0,209.0,180.0,174.0,203.0,172.0,169.0,94.0,60.0,172.0,69.0,59.0,216.0,winter
78.0,66.0,197.0,49.0,39.0,134.0,55.0,48.0,130.0,57.0,50.0,155.0,208.0,170.0,169.0,232.0,211.0,213.0,94.0,41.0,168.0,41.0,34.0,225.0,winter
59.0,46.0,181.0,42.0,30.0,165.0,42.0,44.0,156.0,37.0,32.0,144.0,191.0,168.0,199.0,202.0,186.0,212.0,89.0,29.0,157.0,50.0,40.0,225.0,winter
46.0,34.0,170.0,46.0,33.0,188.0,65.0,46.0,150.0,57.0,40.0,170.0,220.0,164.0,144.0,229.0,171.0,152.0,91.0,48.0,187.0,75.0,57.0,223.0,winter
79.0,61.0,178.0,92.0,74.0,174.0,68.0,53.0,128.0,64.0,51.0,149.0,227.0,198.0,181.0,230.0,201.0,183.0,111.0,50.0,140.0,65.0,52.0,214.0,winter
48.0,37.0,183.0,82.0,66.0,181.0,47.0,38.0,124.0,52.0,40.0,116.0,207.0,176.0,156.0,192.0,157.0,134.0,109.0,57.0,142.0,68.0,57.0,212.0,winter
86.0,72.0,137.0,112.0,92.0,172.0,64.0,53.0,140.0,75.0,58.0,137.0,226.0,190.0,172.0,146.0,122.0,180.0,118.0,77.0,156.0,110.0,93.0,214.0,winter
105.0,90.0,202.0,92.0,78.0,171.0,73.0,73.0,164.0,64.0,62.0,169.0,231.0,209.0,219.0,241.0,220.0,227.0,133.0,102.0,215.0,76.0,68.0,239.0,winter
62.0,57.0,181.0,62.0,56.0,191.0,62.0,58.0,142.0,63.0,60.0,144.0,216.0,194.0,191.0,205.0,181.0,176.0,101.0,66.0,164.0,59.0,52.0,219.0,winter
83.0,63.0,176.0,76.0,58.0,191.0,56.0,49.0,164.0,60.0,50.0,146.0,233.0,195.0,182.0,194.0,155.0,142.0,92.0,52.0,173.0,52.0,43.0,229.0,winter
23.0,16.0,147.0,79.0,65.0,176.0,42.0,34.0,141.0,47.0,39.0,158.0,195.0,168.0,165.0,196.0,164.0,157.0,114.0,84.0,177.0,72.0,60.0,219.0,winter
93.0,74.0,192.0,59.0,46.0,172.0,86.0,77.0,174.0,80.0,64.0,175.0,237.0,217.0,215.0,229.0,197.0,188.0,113.0,70.0,161.0,52.0,38.0,219.0,winter
104.0,84.0,162.0,79.0,63.0,148.0,71.0,60.0,151.0,72.0,62.0,139.0,239.0,205.0,199.0,238.0,200.0,195.0,121.0,68.0,177.0,75.0,62.0,225.0,winter
56.0,48.0,173.0,70.0,61.0,185.0,74.0,59.0,136.0,84.0,68.0,137.0,205.0,169.0,173.0,197.0,165.0,168.0,107.0,86.0,187.0,73.0,60.0,221.0,winter
89.0,73.0,172.0,89.0,76.0,196.0,78.0,63.0,137.0,85.0,66.0,133.0,238.0,210.0,204.0,233.0,204.0,198.0,129.0,90.0,173.0,106.0,90.0,216.0,winter
67.0,55.0,151.0,81.0,69.0,180.0,86.0,77.0,163.0,101.0,97.0,178.0,238.0,206.0,189.0,236.0,205.0,185.0,121.0,38.0,142.0,83.0,74.0,230.0,winter
71.0,48.0,156.0,85.0,60.0,167.0,86.0,73.0,159.0,78.0,65.0,151.0,234.0,206.0,195.0,244.0,220.0,210.0,125.0,51.0,155.0,73.0,61.0,225.0,winter
73.0,61.0,169.0,96.0,83.0,183.0,61.0,55.0,147.0,68.0,61.0,145.0,228.0,199.0,179.0,208.0,179.0,162.0,108.0,71.0,162.0,71.0,61.0,224.0,winter
24.0,14.0,153.0,56.0,39.0,137.0,60.0,45.0,124.0,60.0,48.0,138.0,232.0,181.0,164.0,245.0,194.0,179.0,119.0,49.0,161.0,53.0,39.0,227.0,winter
58.0,45.0,160.0,87.0,74.0,173.0,55.0,40.0,114.0,43.0,31.0,121.0,221.0,190.0,178.0,195.0,161.0,149.0,100.0,74.0,164.0,66.0,53.0,217.0,winter
73.0,63.0,198.0,80.0,68.0,177.0,85.0,71.0,142.0,75.0,61.0,149.0,235.0,199.0,182.0,243.0,209.0,191.0,139.0,97.0,182.0,73.0,60.0,221.0,winter
60.0,44.0,156.0,29.0,22.0,175.0,64.0,43.0,105.0,46.0,30.0,96.0,140.0,108.0,89.0,186.0,149.0,147.0,73.0,47.0,146.0,47.0,37.0,209.0,winter
40.0,32.0,198.0,27.0,21.0,204.0,29.0,24.0,172.0,38.0,32.0,145.0,124.0,106.0,193.0,171.0,148.0,136.0,40.0,22.0,200.0,41.0,34.0,222.0,winter
49.0,38.0,187.0,49.0,43.0,164.0,68.0,62.0,157.0,57.0,52.0,156.0,229.0,217.0,215.0,214.0,187.0,173.0,94.0,46.0,164.0,33.0,29.0,240.0,winter
76.0,61.0,186.0,104.0,85.0,190.0,65.0,52.0,149.0,74.0,61.0,143.0,221.0,189.0,177.0,222.0,187.0,173.0,93.0,63.0,179.0,87.0,73.0,219.0,winter
82.0,62.0,167.0,86.0,65.0,179.0,82.0,69.0,165.0,86.0,73.0,165.0,226.0,197.0,198.0,231.0,208.0,209.0,109.0,55.0,156.0,67.0,57.0,231.0,winter
20.0,10.0,127.0,46.0,29.0,137.0,62.0,50.0,138.0,61.0,46.0,134.0,224.0,196.0,183.0,218.0,188.0,176.0,112.0,62.0,158.0,67.0,57.0,220.0,winter
93.0,72.0,162.0,53.0,41.0,187.0,61.0,54.0,161.0,68.0,59.0,152.0,244.0,203.0,184.0,212.0,165.0,147.0,103.0,51.0,171.0,50.0,37.0,220.0,winter
98.0,89.0,180.0,63.0,57.0,221.0,67.0,61.0,171.0,76.0,69.0,166.0,246.0,227.0,206.0,230.0,209.0,187.0,115.0,84.0,178.0,120.0,110.0,219.0,winter
94.0,69.0,165.0,92.0,71.0,191.0,70.0,52.0,125.0,67.0,50.0,133.0,247.0,195.0,177.0,244.0,187.0,168.0,120.0,67.0,159.0,88.0,67.0,212.0,winter
76.0,60.0,194.0,58.0,44.0,181.0,90.0,74.0,163.0,65.0,52.0,148.0,229.0,183.0,181.0,231.0,187.0,183.0,120.0,105.0,194.0,58.0,44.0,221.0,winter
75.0,63.0,189.0,92.0,77.0,181.0,62.0,58.0,144.0,66.0,59.0,148.0,229.0,203.0,195.0,228.0,203.0,196.0,114.0,53.0,162.0,59.0,50.0,229.0,winter
41.0,28.0,161.0,74.0,55.0,178.0,67.0,57.0,133.0,81.0,71.0,165.0,229.0,174.0,159.0,206.0,157.0,141.0,104.0,57.0,155.0,101.0,75.0,194.0,winter
68.0,51.0,141.0,36.0,24.0,164.0,69.0,58.0,147.0,74.0,61.0,135.0,202.0,178.0,174.0,198.0,176.0,173.0,110.0,74.0,162.0,61.0,53.0,222.0,winter
113.0,93.0,147.0,50.0,38.0,116.0,73.0,55.0,123.0,59.0,43.0,102.0,200.0,163.0,148.0,214.0,180.0,166.0,85.0,56.0,136.0,62.0,51.0,201.0,winter
64.0,49.0,147.0,92.0,74.0,162.0,65.0,45.0,119.0,76.0,54.0,121.0,196.0,150.0,141.0,153.0,115.0,113.0,83.0,47.0,139.0,66.0,51.0,218.0,winter
102.0,77.0,161.0,93.0,74.0,196.0,85.0,67.0,152.0,89.0,69.0,148.0,251.0,210.0,190.0,244.0,203.0,185.0,151.0,77.0,174.0,90.0,73.0,224.0,winter
93.0,81.0,129.0,59.0,49.0,143.0,64.0,55.0,130.0,53.0,47.0,122.0,142.0,124.0,104.0,170.0,156.0,182.0,87.0,61.0,142.0,84.0,72.0,178.0,winter
92.0,81.0,185.0,39.0,32.0,112.0,56.0,50.0,153.0,54.0,50.0,139.0,212.0,196.0,192.0,228.0,219.0,217.0,103.0,56.0,187.0,46.0,41.0,231.0,winter
121.0,99.0,166.0,80.0,63.0,151.0,93.0,72.0,126.0,45.0,32.0,159.0,198.0,172.0,158.0,225.0,194.0,177.0,101.0,68.0,154.0,56.0,47.0,218.0,winter
86.0,69.0,157.0,49.0,39.0,159.0,75.0,66.0,146.0,64.0,56.0,156.0,206.0,183.0,176.0,218.0,200.0,193.0,103.0,65.0,170.0,58.0,50.0,229.0,winter
78.0,63.0,199.0,77.0,56.0,147.0,76.0,57.0,137.0,42.0,31.0,140.0,182.0,145.0,179.0,226.0,184.0,181.0,123.0,85.0,176.0,49.0,38.0,229.0,winter
62.0,47.0,155.0,66.0,51.0,160.0,65.0,48.0,129.0,72.0,53.0,116.0,210.0,159.0,138.0,198.0,148.0,128.0,113.0,84.0,169.0,74.0,53.0,209.0,winter
59.0,52.0,223.0,46.0,38.0,187.0,51.0,45.0,186.0,52.0,43.0,148.0,193.0,168.0,173.0,219.0,192.0,180.0,66.0,20.0,192.0,41.0,37.0,240.0,winter
77.0,63.0,163.0,73.0,64.0,159.0,87.0,68.0,142.0,18.0,17.0,249.0,138.0,125.0,199.0,237.0,214.0,194.0,98.0,80.0,156.0,65.0,57.0,220.0,winter
83.0,61.0,148.0,59.0,43.0,160.0,61.0,46.0,131.0,64.0,49.0,122.0,188.0,148.0,132.0,194.0,153.0,138.0,89.0,44.0,137.0,59.0,46.0,211.0,winter
103.0,88.0,200.0,36.0,30.0,162.0,78.0,76.0,163.0,52.0,55.0,159.0,203.0,169.0,159.0,223.0,192.0,191.0,115.0,76.0,189.0,42.0,35.0,238.0,winter
80.0,60.0,99.0,75.0,62.0,176.0,52.0,42.0,158.0,73.0,60.0,141.0,223.0,197.0,193.0,226.0,203.0,203.0,113.0,72.0,177.0,104.0,92.0,218.0,winter
65.0,48.0,204.0,112.0,82.0,171.0,89.0,71.0,160.0,94.0,74.0,150.0,252.0,225.0,174.0,230.0,175.0,134.0,108.0,71.0,201.0,71.0,57.0,223.0,winter
47.0,40.0,182.0,60.0,51.0,169.0,44.0,27.0,98.0,41.0,27.0,143.0,189.0,150.0,135.0,168.0,137.0,138.0,108.0,82.0,163.0,59.0,47.0,210.0,winter
97.0,74.0,162.0,102.0,80.0,163.0,91.0,65.0,115.0,74.0,56.0,149.0,216.0,177.0,155.0,239.0,204.0,183.0,118.0,80.0,158.0,105.0,84.0,195.0,winter
35.0,31.0,211.0,59.0,52.0,193.0,54.0,49.0,170.0,70.0,62.0,158.0,215.0,191.0,185.0,171.0,146.0,138.0,82.0,55.0,189.0,69.0,60.0,222.0,winter
76.0,60.0,184.0,40.0,29.0,201.0,38.0,30.0,163.0,37.0,30.0,185.0,229.0,200.0,185.0,210.0,179.0,163.0,76.0,48.0,193.0,75.0,62.0,219.0,winter
52.0,35.0,166.0,33.0,20.0,156.0,68.0,57.0,151.0,73.0,60.0,158.0,236.0,197.0,191.0,241.0,207.0,202.0,123.0,66.0,176.0,99.0,84.0,218.0,winter
57.0,47.0,205.0,41.0,33.0,176.0,54.0,51.0,156.0,55.0,47.0,162.0,218.0,179.0,170.0,243.0,214.0,213.0,107.0,50.0,172.0,67.0,54.0,221.0,winter
65.0,43.0,131.0,70.0,49.0,143.0,76.0,63.0,137.0,70.0,58.0,139.0,239.0,162.0,132.0,246.0,163.0,135.0,117.0,66.0,161.0,89.0,59.0,197.0,winter
88.0,67.0,187.0,62.0,43.0,188.0,66.0,55.0,170.0,77.0,61.0,158.0,229.0,181.0,172.0,222.0,179.0,169.0,107.0,63.0,168.0,44.0,29.0,217.0,winter
86.0,62.0,136.0,53.0,39.0,155.0,63.0,49.0,139.0,63.0,52.0,127.0,180.0,141.0,123.0,190.0,147.0,132.0,82.0,39.0,131.0,53.0,41.0,213.0,winter
76.0,63.0,189.0,44.0,35.0,174.0,49.0,42.0,127.0,43.0,33.0,129.0,201.0,163.0,152.0,210.0,178.0,173.0,94.0,43.0,153.0,41.0,31.0,226.0,winter
105.0,90.0,173.0,64.0,56.0,184.0,91.0,84.0,163.0,77.0,70.0,153.0,246.0,220.0,212.0,239.0,208.0,198.0,119.0,65.0,175.0,80.0,69.0,225.0,winter
47.0,42.0,236.0,40.0,30.0,143.0,48.0,40.0,173.0,47.0,38.0,166.0,207.0,181.0,176.0,233.0,209.0,207.0,130.0,44.0,141.0,50.0,44.0,241.0,winter
50.0,38.0,173.0,89.0,77.0,190.0,53.0,44.0,135.0,72.0,59.0,142.0,229.0,206.0,192.0,229.0,204.0,190.0,117.0,72.0,166.0,83.0,68.0,208.0,winter
100.0,90.0,196.0,62.0,53.0,163.0,62.0,54.0,150.0,63.0,54.0,134.0,225.0,209.0,210.0,226.0,204.0,200.0,117.0,67.0,179.0,51.0,45.0,234.0,winter
78.0,64.0,195.0,107.0,93.0,216.0,104.0,90.0,162.0,107.0,94.0,174.0,234.0,211.0,209.0,232.0,207.0,205.0,130.0,86.0,187.0,105.0,93.0,224.0,winter
74.0,62.0,189.0,94.0,79.0,179.0,63.0,59.0,144.0,68.0,60.0,150.0,229.0,203.0,195.0,228.0,204.0,197.0,116.0,54.0,161.0,59.0,51.0,228.0,winter
64.0,56.0,175.0,55.0,44.0,141.0,70.0,65.0,149.0,55.0,47.0,135.0,167.0,138.0,127.0,207.0,189.0,183.0,87.0,56.0,149.0,59.0,50.0,201.0,winter
80.0,60.0,161.0,65.0,49.0,197.0,68.0,57.0,148.0,77.0,62.0,143.0,223.0,195.0,186.0,208.0,177.0,172.0,108.0,45.0,161.0,92.0,77.0,219.0,winter
49.0,37.0,127.0,85.0,67.0,150.0,62.0,48.0,132.0,66.0,52.0,134.0,201.0,163.0,138.0,207.0,167.0,143.0,107.0,60.0,151.0,64.0,51.0,213.0,winter
77.0,65.0,162.0,46.0,33.0,127.0,71.0,69.0,162.0,49.0,47.0,146.0,188.0,151.0,150.0,201.0,168.0,169.0,102.0,62.0,160.0,31.0,23.0,226.0,winter
53.0,44.0,209.0,124.0,100.0,154.0,76.0,58.0,132.0,53.0,41.0,173.0,214.0,173.0,193.0,195.0,166.0,178.0,118.0,81.0,178.0,74.0,61.0,217.0,winter
62.0,53.0,132.0,24.0,20.0,160.0,71.0,63.0,159.0,76.0,65.0,142.0,242.0,215.0,206.0,226.0,198.0,188.0,126.0,48.0,176.0,74.0,65.0,233.0,winter
58.0,44.0,119.0,76.0,63.0,187.0,49.0,40.0,133.0,60.0,50.0,138.0,230.0,198.0,196.0,213.0,186.0,188.0,121.0,50.0,160.0,82.0,68.0,224.0,winter
68.0,58.0,148.0,50.0,40.0,153.0,50.0,42.0,136.0,52.0,44.0,129.0,185.0,158.0,148.0,158.0,133.0,123.0,104.0,65.0,162.0,61.0,51.0,217.0,winter
79.0,63.0,168.0,71.0,54.0,155.0,52.0,39.0,139.0,69.0,54.0,135.0,239.0,212.0,202.0,219.0,189.0,185.0,114.0,67.0,166.0,92.0,78.0,219.0,winter
43.0,38.0,159.0,61.0,56.0,172.0,47.0,42.0,122.0,63.0,59.0,140.0,243.0,201.0,176.0,222.0,172.0,142.0,106.0,71.0,151.0,82.0,66.0,208.0,winter
38.0,32.0,134.0,38.0,33.0,187.0,38.0,33.0,135.0,49.0,44.0,133.0,173.0,146.0,144.0,130.0,106.0,106.0,68.0,37.0,148.0,50.0,40.0,209.0,winter
98.0,78.0,166.0,76.0,61.0,150.0,71.0,60.0,151.0,71.0,60.0,142.0,240.0,206.0,200.0,238.0,200.0,195.0,123.0,69.0,174.0,75.0,62.0,225.0,winter
45.0,35.0,184.0,84.0,69.0,195.0,65.0,54.0,155.0,62.0,51.0,161.0,234.0,196.0,182.0,236.0,205.0,200.0,136.0,101.0,191.0,98.0,82.0,219.0,winter
28.0,21.0,125.0,19.0,14.0,139.0,48.0,40.0,129.0,58.0,47.0,129.0,183.0,143.0,122.0,174.0,136.0,116.0,92.0,32.0,144.0,69.0,54.0,202.0,winter
60.0,45.0,191.0,123.0,99.0,179.0,60.0,49.0,132.0,73.0,63.0,158.0,241.0,204.0,185.0,228.0,186.0,174.0,124.0,77.0,176.0,78.0,65.0,225.0,winter
69.0,57.0,203.0,79.0,62.0,158.0,75.0,61.0,155.0,53.0,42.0,172.0,221.0,171.0,162.0,238.0,192.0,192.0,116.0,55.0,168.0,65.0,50.0,221.0,winter
37.0,34.0,130.0,27.0,25.0,146.0,28.0,24.0,117.0,33.0,27.0,117.0,118.0,105.0,97.0,105.0,94.0,87.0,45.0,34.0,116.0,37.0,31.0,180.0,winter
57.0,50.0,223.0,88.0,73.0,159.0,63.0,51.0,151.0,37.0,30.0,173.0,224.0,200.0,200.0,229.0,214.0,217.0,134.0,103.0,202.0,46.0,40.0,240.0,winter
80.0,65.0,208.0,91.0,75.0,202.0,63.0,49.0,159.0,58.0,46.0,162.0,234.0,193.0,171.0,247.0,207.0,186.0,151.0,89.0,170.0,98.0,78.0,219.0,winter
104.0,77.0,144.0,102.0,78.0,168.0,75.0,57.0,140.0,69.0,52.0,136.0,237.0,201.0,185.0,244.0,206.0,189.0,134.0,69.0,159.0,96.0,80.0,220.0,winter
85.0,72.0,185.0,58.0,49.0,169.0,55.0,46.0,136.0,62.0,51.0,139.0,249.0,231.0,225.0,231.0,205.0,202.0,104.0,65.0,166.0,67.0,56.0,220.0,winter
68.0,64.0,194.0,51.0,51.0,188.0,51.0,48.0,162.0,64.0,61.0,151.0,223.0,182.0,194.0,236.0,196.0,198.0,111.0,51.0,196.0,49.0,40.0,239.0,winter
102.0,78.0,162.0,87.0,67.0,166.0,86.0,68.0,155.0,105.0,79.0,142.0,248.0,205.0,185.0,247.0,206.0,186.0,138.0,77.0,161.0,76.0,59.0,214.0,winter
97.0,82.0,179.0,105.0,92.0,185.0,76.0,62.0,144.0,80.0,66.0,148.0,240.0,211.0,200.0,232.0,199.0,187.0,109.0,64.0,175.0,66.0,56.0,225.0,winter
34.0,27.0,180.0,48.0,40.0,213.0,62.0,54.0,155.0,67.0,59.0,169.0,208.0,178.0,189.0,169.0,154.0,222.0,122.0,43.0,127.0,92.0,81.0,229.0,winter
78.0,68.0,171.0,94.0,78.0,168.0,62.0,51.0,125.0,55.0,45.0,136.0,223.0,193.0,177.0,235.0,216.0,205.0,100.0,60.0,153.0,102.0,92.0,220.0,winter
64.0,58.0,208.0,68.0,59.0,203.0,62.0,56.0,186.0,66.0,57.0,162.0,240.0,222.0,231.0,225.0,200.0,205.0,125.0,79.0,209.0,103.0,95.0,236.0,winter
103.0,83.0,209.0,20.0,11.0,155.0,73.0,63.0,150.0,58.0,52.0,139.0,232.0,194.0,172.0,251.0,221.0,206.0,124.0,45.0,177.0,68.0,52.0,213.0,winter
76.0,57.0,158.0,57.0,41.0,164.0,65.0,49.0,126.0,63.0,47.0,122.0,189.0,149.0,131.0,197.0,154.0,138.0,94.0,44.0,130.0,58.0,44.0,212.0,winter
72.0,59.0,175.0,46.0,38.0,212.0,47.0,40.0,161.0,52.0,44.0,155.0,214.0,182.0,168.0,162.0,130.0,118.0,63.0,40.0,183.0,88.0,74.0,205.0,fall
22.0,15.0,192.0,42.0,33.0,185.0,24.0,14.0,127.0,27.0,18.0,123.0,196.0,166.0,143.0,142.0,114.0,95.0,68.0,48.0,158.0,97.0,82.0,194.0,fall
127.0,104.0,171.0,77.0,58.0,171.0,79.0,64.0,177.0,88.0,68.0,145.0,223.0,192.0,194.0,228.0,202.0,202.0,122.0,80.0,172.0,80.0,68.0,225.0,fall
97.0,72.0,161.0,60.0,40.0,152.0,71.0,54.0,129.0,59.0,44.0,124.0,169.0,124.0,96.0,208.0,172.0,140.0,93.0,57.0,141.0,54.0,40.0,205.0,fall
54.0,30.0,151.0,74.0,45.0,150.0,68.0,51.0,135.0,75.0,57.0,145.0,241.0,184.0,169.0,221.0,158.0,141.0,125.0,70.0,159.0,69.0,49.0,218.0,fall
59.0,46.0,197.0,82.0,65.0,166.0,74.0,61.0,158.0,86.0,70.0,154.0,212.0,180.0,166.0,250.0,225.0,210.0,118.0,73.0,170.0,77.0,64.0,212.0,fall
48.0,33.0,151.0,76.0,57.0,152.0,59.0,46.0,145.0,63.0,53.0,141.0,217.0,180.0,163.0,221.0,181.0,161.0,110.0,63.0,165.0,69.0,57.0,225.0,fall
84.0,64.0,187.0,68.0,52.0,193.0,80.0,59.0,164.0,72.0,51.0,156.0,241.0,206.0,193.0,232.0,198.0,183.0,91.0,60.0,196.0,97.0,80.0,217.0,fall
85.0,74.0,178.0,52.0,43.0,163.0,85.0,73.0,155.0,78.0,66.0,144.0,231.0,207.0,208.0,228.0,207.0,204.0,107.0,71.0,187.0,52.0,44.0,236.0,fall
68.0,60.0,203.0,132.0,114.0,179.0,96.0,80.0,128.0,88.0,72.0,140.0,204.0,177.0,157.0,235.0,209.0,186.0,118.0,80.0,150.0,102.0,87.0,205.0,fall
21.0,12.0,184.0,112.0,82.0,152.0,85.0,71.0,161.0,80.0,69.0,186.0,246.0,234.0,232.0,208.0,174.0,170.0,124.0,83.0,182.0,65.0,56.0,233.0,fall
70.0,52.0,177.0,59.0,43.0,168.0,68.0,52.0,131.0,70.0,53.0,130.0,245.0,191.0,165.0,238.0,187.0,160.0,119.0,64.0,152.0,63.0,47.0,217.0,fall
20.0,14.0,196.0,105.0,87.0,188.0,14.0,9.0,129.0,37.0,27.0,106.0,203.0,169.0,149.0,155.0,132.0,162.0,90.0,65.0,155.0,108.0,92.0,195.0,fall
64.0,42.0,162.0,59.0,39.0,171.0,56.0,44.0,126.0,57.0,44.0,133.0,212.0,162.0,130.0,217.0,163.0,135.0,113.0,63.0,139.0,70.0,53.0,211.0,fall
66.0,45.0,179.0,80.0,54.0,154.0,90.0,78.0,158.0,73.0,60.0,162.0,219.0,168.0,140.0,225.0,176.0,154.0,116.0,66.0,151.0,66.0,51.0,220.0,fall
87.0,63.0,184.0,51.0,38.0,216.0,65.0,50.0,170.0,55.0,41.0,178.0,218.0,201.0,219.0,207.0,173.0,157.0,97.0,53.0,186.0,78.0,66.0,226.0,fall
62.0,41.0,158.0,56.0,36.0,151.0,51.0,43.0,133.0,60.0,48.0,120.0,187.0,140.0,130.0,183.0,135.0,124.0,88.0,43.0,136.0,44.0,29.0,210.0,fall
71.0,53.0,177.0,83.0,62.0,160.0,69.0,50.0,143.0,63.0,48.0,159.0,214.0,186.0,166.0,206.0,174.0,156.0,111.0,72.0,155.0,66.0,53.0,212.0,fall
82.0,69.0,189.0,85.0,71.0,189.0,78.0,70.0,160.0,73.0,64.0,154.0,232.0,207.0,204.0,237.0,211.0,206.0,127.0,73.0,177.0,67.0,59.0,229.0,fall
99.0,79.0,159.0,109.0,86.0,170.0,105.0,92.0,161.0,103.0,88.0,156.0,244.0,218.0,203.0,248.0,225.0,208.0,142.0,99.0,183.0,91.0,77.0,224.0,fall
122.0,98.0,175.0,116.0,98.0,194.0,94.0,82.0,169.0,99.0,86.0,170.0,230.0,214.0,210.0,228.0,210.0,203.0,140.0,80.0,169.0,74.0,68.0,235.0,fall
76.0,56.0,163.0,80.0,62.0,181.0,85.0,74.0,160.0,86.0,78.0,161.0,241.0,218.0,205.0,239.0,213.0,199.0,127.0,94.0,176.0,67.0,59.0,226.0,fall
88.0,74.0,185.0,124.0,104.0,182.0,77.0,61.0,156.0,82.0,65.0,156.0,242.0,218.0,191.0,240.0,214.0,188.0,128.0,85.0,157.0,81.0,70.0,221.0,fall
64.0,49.0,167.0,76.0,60.0,160.0,58.0,50.0,133.0,54.0,44.0,131.0,204.0,171.0,162.0,216.0,184.0,171.0,112.0,43.0,150.0,69.0,56.0,222.0,fall
85.0,77.0,168.0,65.0,58.0,155.0,90.0,79.0,149.0,83.0,71.0,146.0,202.0,186.0,164.0,191.0,183.0,171.0,90.0,73.0,163.0,62.0,55.0,209.0,fall
80.0,48.0,127.0,69.0,48.0,133.0,71.0,49.0,129.0,51.0,34.0,113.0,198.0,157.0,134.0,247.0,221.0,185.0,128.0,81.0,156.0,50.0,39.0,226.0,fall
73.0,55.0,160.0,80.0,68.0,207.0,80.0,60.0,127.0,71.0,52.0,118.0,58.0,48.0,231.0,209.0,178.0,171.0,91.0,55.0,177.0,50.0,42.0,235.0,fall
77.0,66.0,199.0,112.0,97.0,178.0,75.0,63.0,179.0,109.0,93.0,166.0,224.0,203.0,198.0,210.0,188.0,181.0,111.0,86.0,180.0,83.0,73.0,221.0,fall
82.0,57.0,184.0,80.0,64.0,214.0,96.0,74.0,162.0,104.0,85.0,181.0,237.0,216.0,213.0,211.0,171.0,163.0,127.0,50.0,148.0,51.0,44.0,237.0,fall
76.0,53.0,166.0,62.0,46.0,189.0,84.0,70.0,164.0,78.0,62.0,156.0,245.0,210.0,203.0,244.0,211.0,204.0,130.0,74.0,172.0,104.0,86.0,223.0,fall
71.0,47.0,158.0,65.0,44.0,160.0,52.0,34.0,154.0,59.0,37.0,124.0,226.0,179.0,160.0,196.0,135.0,115.0,98.0,49.0,160.0,66.0,51.0,214.0,fall
63.0,46.0,135.0,85.0,65.0,148.0,57.0,41.0,112.0,61.0,46.0,136.0,175.0,142.0,121.0,201.0,169.0,147.0,97.0,48.0,140.0,65.0,51.0,202.0,fall
60.0,48.0,181.0,77.0,61.0,177.0,83.0,62.0,152.0,82.0,62.0,149.0,209.0,170.0,158.0,202.0,162.0,149.0,96.0,61.0,154.0,71.0,58.0,218.0,fall
90.0,76.0,165.0,59.0,50.0,170.0,84.0,71.0,161.0,71.0,59.0,160.0,208.0,186.0,197.0,209.0,187.0,182.0,112.0,73.0,182.0,69.0,59.0,226.0,fall
43.0,31.0,193.0,39.0,30.0,217.0,53.0,43.0,155.0,39.0,31.0,176.0,155.0,139.0,190.0,139.0,106.0,92.0,54.0,32.0,175.0,65.0,54.0,209.0,fall
61.0,45.0,173.0,91.0,72.0,177.0,55.0,44.0,131.0,48.0,38.0,162.0,210.0,179.0,158.0,213.0,186.0,169.0,117.0,86.0,168.0,81.0,71.0,224.0,fall
56.0,45.0,185.0,15.0,10.0,209.0,122.0,103.0,172.0,64.0,49.0,147.0,197.0,155.0,135.0,233.0,200.0,179.0,100.0,68.0,187.0,48.0,39.0,233.0,fall
55.0,40.0,183.0,51.0,36.0,162.0,51.0,40.0,140.0,54.0,43.0,130.0,214.0,178.0,169.0,207.0,169.0,158.0,107.0,65.0,148.0,45.0,31.0,212.0,fall
106.0,95.0,196.0,64.0,56.0,162.0,75.0,66.0,162.0,76.0,69.0,141.0,187.0,166.0,154.0,228.0,204.0,191.0,105.0,82.0,172.0,59.0,53.0,220.0,fall
68.0,53.0,172.0,73.0,57.0,172.0,79.0,62.0,147.0,83.0,65.0,133.0,231.0,194.0,170.0,237.0,202.0,180.0,118.0,77.0,165.0,81.0,66.0,213.0,fall
45.0,39.0,203.0,48.0,40.0,170.0,46.0,40.0,170.0,55.0,50.0,138.0,186.0,168.0,175.0,166.0,150.0,156.0,68.0,44.0,184.0,49.0,45.0,227.0,fall
57.0,47.0,191.0,115.0,100.0,187.0,58.0,44.0,167.0,90.0,76.0,151.0,215.0,185.0,181.0,223.0,189.0,175.0,108.0,75.0,171.0,109.0,93.0,214.0,fall
91.0,72.0,187.0,77.0,60.0,179.0,77.0,68.0,164.0,78.0,69.0,148.0,203.0,167.0,161.0,215.0,186.0,181.0,115.0,67.0,169.0,61.0,50.0,225.0,fall
82.0,64.0,123.0,22.0,16.0,93.0,78.0,61.0,137.0,25.0,15.0,100.0,184.0,149.0,127.0,203.0,171.0,151.0,108.0,80.0,167.0,74.0,61.0,209.0,fall
100.0,85.0,199.0,79.0,67.0,208.0,65.0,53.0,155.0,61.0,50.0,152.0,214.0,182.0,193.0,228.0,200.0,209.0,118.0,71.0,188.0,87.0,73.0,222.0,fall
72.0,51.0,133.0,54.0,41.0,201.0,41.0,33.0,129.0,55.0,44.0,145.0,225.0,207.0,194.0,169.0,137.0,118.0,73.0,43.0,154.0,72.0,61.0,208.0,fall
113.0,85.0,153.0,110.0,83.0,166.0,76.0,59.0,145.0,86.0,67.0,147.0,245.0,217.0,196.0,240.0,209.0,189.0,128.0,67.0,160.0,79.0,68.0,230.0,fall
65.0,49.0,184.0,68.0,52.0,189.0,52.0,41.0,141.0,44.0,35.0,161.0,221.0,174.0,182.0,229.0,180.0,188.0,99.0,40.0,173.0,70.0,54.0,225.0,fall
106.0,88.0,196.0,86.0,70.0,183.0,87.0,67.0,168.0,91.0,67.0,144.0,241.0,198.0,193.0,230.0,185.0,180.0,118.0,77.0,171.0,82.0,66.0,226.0,fall
132.0,107.0,169.0,135.0,108.0,142.0,105.0,80.0,151.0,99.0,77.0,146.0,193.0,163.0,155.0,221.0,193.0,185.0,122.0,89.0,179.0,86.0,76.0,228.0,fall
49.0,35.0,168.0,69.0,52.0,184.0,57.0,49.0,155.0,63.0,54.0,147.0,238.0,211.0,195.0,227.0,197.0,180.0,117.0,81.0,191.0,92.0,81.0,225.0,fall
65.0,51.0,161.0,57.0,45.0,132.0,65.0,54.0,128.0,60.0,50.0,129.0,200.0,171.0,153.0,202.0,174.0,157.0,89.0,52.0,126.0,54.0,46.0,218.0,fall
63.0,45.0,176.0,61.0,43.0,168.0,64.0,56.0,133.0,60.0,50.0,134.0,204.0,164.0,157.0,195.0,153.0,143.0,100.0,56.0,142.0,48.0,34.0,212.0,fall
94.0,82.0,217.0,75.0,57.0,168.0,77.0,64.0,162.0,66.0,56.0,160.0,209.0,174.0,151.0,233.0,213.0,194.0,124.0,90.0,179.0,50.0,42.0,228.0,fall
68.0,55.0,186.0,94.0,82.0,192.0,77.0,58.0,142.0,87.0,67.0,135.0,227.0,204.0,199.0,225.0,199.0,194.0,134.0,92.0,182.0,81.0,70.0,222.0,fall
31.0,25.0,186.0,37.0,30.0,171.0,41.0,36.0,137.0,37.0,33.0,144.0,197.0,173.0,166.0,216.0,191.0,186.0,82.0,50.0,171.0,50.0,43.0,222.0,fall
67.0,46.0,145.0,66.0,46.0,149.0,37.0,26.0,134.0,49.0,36.0,112.0,172.0,139.0,123.0,180.0,148.0,171.0,97.0,50.0,146.0,106.0,86.0,191.0,fall
33.0,22.0,176.0,93.0,71.0,160.0,82.0,62.0,143.0,101.0,80.0,158.0,240.0,204.0,199.0,206.0,161.0,159.0,120.0,75.0,157.0,93.0,74.0,216.0,fall
103.0,82.0,192.0,45.0,33.0,198.0,61.0,49.0,162.0,35.0,26.0,176.0,178.0,140.0,142.0,237.0,197.0,174.0,109.0,65.0,169.0,60.0,47.0,216.0,fall
46.0,40.0,191.0,48.0,40.0,146.0,82.0,70.0,169.0,80.0,69.0,167.0,206.0,180.0,167.0,228.0,214.0,212.0,100.0,70.0,181.0,60.0,53.0,226.0,fall
99.0,87.0,205.0,55.0,45.0,194.0,77.0,64.0,156.0,65.0,55.0,154.0,187.0,167.0,202.0,229.0,203.0,199.0,124.0,88.0,182.0,58.0,51.0,232.0,fall
62.0,45.0,128.0,65.0,47.0,119.0,49.0,37.0,147.0,76.0,57.0,119.0,240.0,208.0,173.0,172.0,131.0,98.0,140.0,104.0,148.0,109.0,92.0,202.0,fall
37.0,30.0,152.0,47.0,40.0,202.0,44.0,40.0,144.0,55.0,50.0,150.0,220.0,207.0,199.0,144.0,120.0,111.0,66.0,46.0,160.0,78.0,71.0,208.0,fall
65.0,49.0,174.0,79.0,61.0,179.0,66.0,53.0,148.0,76.0,61.0,134.0,229.0,179.0,157.0,218.0,169.0,148.0,116.0,60.0,148.0,82.0,63.0,202.0,fall
61.0,36.0,156.0,120.0,101.0,196.0,32.0,20.0,192.0,111.0,83.0,142.0,240.0,215.0,205.0,228.0,202.0,189.0,143.0,108.0,190.0,122.0,106.0,217.0,fall
123.0,106.0,193.0,44.0,33.0,147.0,53.0,46.0,134.0,-1,-1,-1,130.0,111.0,185.0,219.0,194.0,183.0,91.0,66.0,194.0,55.0,46.0,228.0,fall
76.0,65.0,177.0,63.0,54.0,191.0,67.0,54.0,144.0,76.0,61.0,129.0,238.0,221.0,211.0,213.0,185.0,171.0,107.0,48.0,134.0,75.0,65.0,214.0,fall
85.0,64.0,145.0,53.0,39.0,167.0,74.0,55.0,150.0,62.0,45.0,140.0,210.0,177.0,175.0,228.0,198.0,190.0,98.0,61.0,160.0,73.0,59.0,217.0,fall
77.0,54.0,157.0,66.0,46.0,158.0,47.0,31.0,117.0,47.0,32.0,115.0,206.0,160.0,137.0,197.0,151.0,127.0,106.0,67.0,155.0,56.0,43.0,220.0,fall
28.0,24.0,176.0,86.0,74.0,204.0,54.0,47.0,176.0,65.0,57.0,155.0,234.0,212.0,200.0,162.0,119.0,121.0,99.0,73.0,171.0,98.0,86.0,219.0,fall
48.0,35.0,153.0,67.0,51.0,166.0,55.0,46.0,129.0,58.0,49.0,154.0,242.0,210.0,206.0,225.0,190.0,189.0,102.0,59.0,172.0,98.0,86.0,230.0,fall
51.0,41.0,216.0,71.0,57.0,192.0,35.0,27.0,219.0,52.0,41.0,169.0,209.0,165.0,139.0,93.0,80.0,221.0,114.0,43.0,117.0,46.0,36.0,228.0,fall
56.0,38.0,129.0,39.0,32.0,188.0,55.0,43.0,117.0,53.0,45.0,156.0,194.0,164.0,156.0,186.0,148.0,136.0,80.0,43.0,163.0,86.0,74.0,218.0,fall
16.0,16.0,154.0,72.0,62.0,203.0,76.0,62.0,142.0,70.0,53.0,173.0,239.0,217.0,195.0,164.0,137.0,151.0,103.0,72.0,177.0,97.0,85.0,213.0,fall
62.0,46.0,151.0,66.0,48.0,168.0,82.0,61.0,138.0,74.0,54.0,123.0,234.0,195.0,198.0,140.0,107.0,105.0,135.0,87.0,166.0,72.0,58.0,225.0,fall
50.0,37.0,198.0,71.0,55.0,196.0,64.0,51.0,162.0,67.0,52.0,158.0,221.0,185.0,171.0,232.0,198.0,190.0,118.0,66.0,160.0,80.0,66.0,221.0,fall
130.0,100.0,167.0,68.0,49.0,154.0,97.0,65.0,124.0,86.0,57.0,103.0,242.0,182.0,140.0,244.0,199.0,160.0,149.0,108.0,175.0,78.0,61.0,218.0,fall
51.0,42.0,178.0,76.0,69.0,211.0,53.0,50.0,167.0,80.0,73.0,148.0,247.0,223.0,211.0,221.0,200.0,189.0,115.0,70.0,163.0,122.0,110.0,225.0,fall
78.0,69.0,200.0,90.0,81.0,182.0,72.0,69.0,157.0,68.0,63.0,158.0,249.0,232.0,232.0,243.0,221.0,223.0,127.0,76.0,180.0,64.0,60.0,243.0,fall
110.0,90.0,174.0,108.0,89.0,191.0,75.0,61.0,140.0,71.0,58.0,156.0,237.0,204.0,187.0,236.0,205.0,189.0,127.0,92.0,179.0,98.0,84.0,222.0,fall
91.0,59.0,158.0,55.0,39.0,207.0,46.0,32.0,157.0,35.0,24.0,179.0,159.0,126.0,166.0,203.0,150.0,114.0,103.0,64.0,175.0,83.0,65.0,206.0,fall
75.0,65.0,150.0,33.0,26.0,176.0,40.0,38.0,145.0,38.0,38.0,127.0,185.0,164.0,145.0,195.0,176.0,153.0,82.0,56.0,155.0,55.0,46.0,212.0,fall
44.0,38.0,127.0,23.0,18.0,175.0,51.0,45.0,190.0,71.0,60.0,158.0,192.0,166.0,151.0,193.0,184.0,174.0,99.0,67.0,174.0,109.0,91.0,187.0,fall
73.0,51.0,164.0,63.0,44.0,138.0,63.0,49.0,132.0,32.0,23.0,165.0,137.0,99.0,169.0,208.0,152.0,116.0,108.0,62.0,162.0,35.0,24.0,228.0,fall
81.0,63.0,153.0,109.0,89.0,161.0,65.0,48.0,124.0,59.0,44.0,145.0,228.0,193.0,179.0,219.0,185.0,172.0,126.0,97.0,181.0,107.0,91.0,216.0,fall
64.0,53.0,204.0,72.0,56.0,161.0,86.0,70.0,144.0,86.0,68.0,157.0,242.0,210.0,197.0,247.0,222.0,209.0,131.0,84.0,177.0,71.0,58.0,230.0,fall
42.0,31.0,168.0,43.0,33.0,203.0,28.0,19.0,169.0,-1,-1,-1,169.0,143.0,166.0,177.0,152.0,138.0,89.0,65.0,162.0,83.0,68.0,203.0,fall
65.0,51.0,161.0,56.0,43.0,136.0,61.0,51.0,133.0,59.0,50.0,130.0,200.0,171.0,153.0,201.0,173.0,157.0,86.0,50.0,130.0,54.0,46.0,218.0,fall
76.0,62.0,201.0,96.0,80.0,181.0,79.0,71.0,173.0,77.0,69.0,173.0,230.0,202.0,205.0,236.0,209.0,210.0,136.0,87.0,183.0,88.0,76.0,227.0,fall
87.0,60.0,149.0,72.0,50.0,184.0,78.0,63.0,161.0,89.0,71.0,158.0,242.0,195.0,188.0,230.0,182.0,175.0,120.0,56.0,163.0,76.0,61.0,226.0,fall
91.0,75.0,184.0,93.0,75.0,177.0,84.0,76.0,161.0,73.0,66.0,161.0,238.0,211.0,199.0,241.0,216.0,203.0,122.0,80.0,166.0,72.0,63.0,233.0,fall
96.0,75.0,195.0,117.0,94.0,190.0,78.0,65.0,155.0,80.0,65.0,163.0,230.0,200.0,183.0,233.0,206.0,190.0,148.0,114.0,197.0,90.0,77.0,221.0,fall
58.0,47.0,148.0,43.0,33.0,176.0,58.0,50.0,138.0,60.0,51.0,135.0,185.0,160.0,151.0,183.0,157.0,145.0,90.0,46.0,134.0,51.0,41.0,212.0,fall
43.0,38.0,146.0,49.0,41.0,143.0,34.0,34.0,137.0,57.0,54.0,135.0,212.0,187.0,172.0,205.0,185.0,167.0,108.0,75.0,157.0,114.0,106.0,212.0,fall
67.0,45.0,175.0,76.0,54.0,182.0,55.0,41.0,134.0,59.0,43.0,137.0,213.0,155.0,130.0,235.0,179.0,154.0,129.0,79.0,154.0,101.0,78.0,209.0,fall
29.0,23.0,174.0,25.0,19.0,155.0,91.0,82.0,176.0,77.0,71.0,182.0,191.0,159.0,140.0,210.0,191.0,179.0,108.0,70.0,164.0,76.0,64.0,212.0,fall
40.0,34.0,153.0,61.0,54.0,140.0,45.0,41.0,111.0,38.0,34.0,132.0,114.0,101.0,163.0,139.0,118.0,97.0,78.0,56.0,128.0,31.0,27.0,224.0,fall
72.0,60.0,195.0,60.0,48.0,181.0,82.0,71.0,145.0,72.0,60.0,134.0,246.0,214.0,188.0,244.0,219.0,194.0,128.0,78.0,159.0,60.0,49.0,230.0,fall
69.0,48.0,133.0,62.0,42.0,146.0,21.0,13.0,202.0,84.0,58.0,120.0,211.0,175.0,164.0,231.0,195.0,181.0,135.0,92.0,180.0,133.0,110.0,204.0,fall
98.0,80.0,160.0,43.0,32.0,186.0,68.0,51.0,147.0,65.0,47.0,146.0,246.0,218.0,206.0,240.0,208.0,194.0,133.0,96.0,191.0,80.0,67.0,229.0,fall
84.0,68.0,159.0,41.0,32.0,124.0,70.0,53.0,127.0,53.0,42.0,125.0,220.0,180.0,157.0,225.0,185.0,163.0,89.0,18.0,116.0,72.0,57.0,210.0,fall
46.0,40.0,213.0,52.0,46.0,208.0,62.0,55.0,171.0,58.0,50.0,177.0,197.0,167.0,155.0,223.0,195.0,190.0,117.0,80.0,182.0,58.0,48.0,229.0,fall
34.0,36.0,160.0,89.0,76.0,202.0,-1,-1,-1,72.0,60.0,140.0,220.0,190.0,171.0,79.0,78.0,114.0,101.0,66.0,161.0,106.0,93.0,209.0,fall
68.0,58.0,203.0,69.0,59.0,212.0,69.0,61.0,167.0,50.0,44.0,191.0,214.0,187.0,189.0,166.0,150.0,227.0,98.0,61.0,204.0,83.0,72.0,231.0,fall
98.0,65.0,140.0,103.0,78.0,160.0,91.0,78.0,162.0,91.0,76.0,155.0,221.0,173.0,149.0,215.0,154.0,116.0,130.0,88.0,167.0,64.0,51.0,225.0,fall
99.0,77.0,184.0,91.0,65.0,178.0,75.0,62.0,147.0,61.0,47.0,148.0,211.0,180.0,181.0,221.0,193.0,194.0,109.0,68.0,180.0,98.0,86.0,220.0,fall
26.0,21.0,193.0,61.0,54.0,207.0,45.0,38.0,160.0,65.0,57.0,163.0,213.0,187.0,176.0,172.0,144.0,136.0,70.0,51.0,180.0,91.0,80.0,215.0,fall
56.0,47.0,168.0,60.0,52.0,193.0,66.0,55.0,154.0,63.0,52.0,159.0,235.0,209.0,208.0,199.0,172.0,171.0,118.0,79.0,184.0,88.0,78.0,226.0,fall
39.0,28.0,176.0,40.0,32.0,207.0,49.0,43.0,145.0,49.0,44.0,164.0,199.0,175.0,162.0,122.0,103.0,187.0,73.0,30.0,119.0,80.0,69.0,214.0,fall
70.0,54.0,166.0,48.0,37.0,176.0,76.0,56.0,145.0,64.0,45.0,120.0,207.0,177.0,165.0,231.0,206.0,196.0,98.0,56.0,149.0,62.0,50.0,216.0,fall
63.0,45.0,174.0,65.0,46.0,164.0,59.0,52.0,137.0,61.0,53.0,126.0,202.0,162.0,155.0,191.0,150.0,140.0,96.0,52.0,148.0,51.0,36.0,212.0,fall
72.0,61.0,158.0,55.0,44.0,132.0,59.0,52.0,146.0,49.0,42.0,136.0,165.0,139.0,133.0,206.0,173.0,164.0,99.0,52.0,138.0,47.0,39.0,221.0,fall
76.0,64.0,173.0,117.0,103.0,184.0,80.0,74.0,137.0,59.0,52.0,164.0,202.0,177.0,171.0,237.0,211.0,205.0,123.0,77.0,177.0,117.0,103.0,216.0,fall
40.0,27.0,144.0,60.0,42.0,161.0,36.0,28.0,126.0,51.0,39.0,116.0,189.0,143.0,120.0,127.0,94.0,74.0,72.0,35.0,134.0,62.0,46.0,199.0,fall
68.0,48.0,136.0,80.0,60.0,150.0,61.0,41.0,109.0,83.0,66.0,130.0,212.0,173.0,165.0,244.0,225.0,219.0,119.0,80.0,170.0,81.0,65.0,215.0,fall
52.0,40.0,184.0,46.0,33.0,163.0,71.0,55.0,143.0,59.0,44.0,139.0,212.0,183.0,178.0,222.0,190.0,187.0,111.0,67.0,176.0,84.0,72.0,224.0,fall
57.0,41.0,117.0,49.0,38.0,178.0,36.0,27.0,151.0,50.0,35.0,131.0,242.0,209.0,200.0,212.0,180.0,168.0,103.0,53.0,177.0,65.0,54.0,227.0,fall
104.0,73.0,160.0,88.0,58.0,164.0,76.0,62.0,151.0,78.0,63.0,144.0,253.0,201.0,169.0,238.0,188.0,153.0,124.0,63.0,167.0,66.0,50.0,224.0,fall
90.0,68.0,156.0,95.0,69.0,143.0,80.0,61.0,130.0,80.0,63.0,139.0,232.0,180.0,168.0,224.0,180.0,181.0,117.0,66.0,160.0,71.0,55.0,223.0,fall
96.0,76.0,195.0,46.0,33.0,198.0,61.0,50.0,164.0,41.0,32.0,168.0,178.0,140.0,144.0,238.0,198.0,175.0,109.0,64.0,169.0,60.0,46.0,217.0,fall
55.0,39.0,157.0,48.0,35.0,141.0,59.0,45.0,113.0,65.0,50.0,107.0,188.0,159.0,153.0,188.0,159.0,152.0,100.0,66.0,161.0,77.0,67.0,211.0,fall
36.0,25.0,177.0,47.0,38.0,212.0,25.0,18.0,165.0,17.0,12.0,202.0,168.0,136.0,113.0,147.0,126.0,183.0,86.0,55.0,167.0,79.0,68.0,217.0,fall
62.0,56.0,172.0,56.0,50.0,173.0,77.0,67.0,165.0,83.0,71.0,161.0,220.0,187.0,165.0,214.0,191.0,174.0,111.0,76.0,176.0,58.0,50.0,226.0,fall
27.0,21.0,176.0,77.0,65.0,197.0,54.0,43.0,127.0,68.0,60.0,161.0,244.0,213.0,195.0,226.0,194.0,174.0,113.0,72.0,174.0,102.0,87.0,220.0,fall
71.0,61.0,201.0,61.0,55.0,223.0,65.0,56.0,192.0,59.0,48.0,191.0,229.0,203.0,212.0,226.0,183.0,220.0,121.0,92.0,190.0,119.0,107.0,225.0,fall
87.0,72.0,154.0,116.0,100.0,177.0,65.0,50.0,149.0,89.0,71.0,149.0,237.0,202.0,181.0,178.0,136.0,120.0,104.0,75.0,168.0,58.0,51.0,230.0,fall
49.0,30.0,180.0,48.0,38.0,219.0,71.0,51.0,169.0,63.0,50.0,198.0,248.0,214.0,186.0,220.0,170.0,144.0,106.0,57.0,187.0,84.0,72.0,228.0,fall
69.0,37.0,83.0,58.0,35.0,169.0,37.0,24.0,87.0,49.0,31.0,105.0,188.0,124.0,79.0,172.0,103.0,62.0,93.0,47.0,128.0,73.0,53.0,201.0,fall
92.0,81.0,181.0,87.0,77.0,178.0,64.0,61.0,160.0,69.0,66.0,152.0,211.0,188.0,185.0,225.0,203.0,198.0,106.0,70.0,163.0,75.0,67.0,223.0,fall
55.0,40.0,203.0,63.0,44.0,185.0,43.0,36.0,192.0,51.0,41.0,155.0,222.0,168.0,131.0,234.0,187.0,158.0,111.0,54.0,149.0,67.0,50.0,216.0,fall
62.0,51.0,188.0,73.0,55.0,142.0,61.0,59.0,138.0,55.0,53.0,156.0,188.0,143.0,122.0,189.0,140.0,120.0,93.0,54.0,139.0,33.0,24.0,220.0,fall
91.0,72.0,183.0,53.0,40.0,197.0,72.0,60.0,170.0,72.0,63.0,159.0,210.0,179.0,189.0,222.0,191.0,196.0,92.0,55.0,174.0,64.0,52.0,223.0,fall
65.0,44.0,138.0,71.0,50.0,144.0,54.0,32.0,127.0,63.0,38.0,121.0,194.0,134.0,115.0,192.0,127.0,107.0,107.0,58.0,144.0,66.0,46.0,208.0,fall
75.0,61.0,170.0,98.0,82.0,166.0,65.0,53.0,148.0,74.0,61.0,146.0,213.0,185.0,171.0,184.0,152.0,138.0,106.0,69.0,155.0,47.0,40.0,224.0,fall
52.0,30.0,178.0,52.0,35.0,207.0,53.0,37.0,146.0,60.0,44.0,168.0,214.0,170.0,132.0,129.0,102.0,191.0,121.0,57.0,137.0,69.0,55.0,222.0,fall
68.0,43.0,135.0,43.0,30.0,172.0,41.0,29.0,145.0,43.0,32.0,158.0,188.0,163.0,157.0,197.0,170.0,160.0,108.0,76.0,160.0,83.0,73.0,213.0,fall
85.0,68.0,147.0,79.0,66.0,186.0,88.0,78.0,147.0,84.0,74.0,170.0,226.0,186.0,165.0,225.0,187.0,166.0,126.0,92.0,167.0,76.0,63.0,223.0,fall
118.0,94.0,194.0,80.0,63.0,212.0,90.0,73.0,169.0,96.0,79.0,167.0,246.0,205.0,200.0,244.0,200.0,196.0,119.0,68.0,194.0,90.0,73.0,224.0,fall
63.0,51.0,199.0,43.0,35.0,208.0,52.0,37.0,162.0,55.0,40.0,156.0,233.0,203.0,186.0,221.0,188.0,168.0,114.0,91.0,191.0,69.0,59.0,224.0,fall
87.0,64.0,167.0,61.0,45.0,209.0,55.0,46.0,173.0,62.0,51.0,174.0,238.0,199.0,184.0,228.0,187.0,173.0,102.0,63.0,181.0,86.0,71.0,219.0,fall
75.0,56.0,166.0,50.0,36.0,142.0,62.0,48.0,133.0,64.0,51.0,135.0,238.0,204.0,191.0,236.0,202.0,185.0,113.0,53.0,153.0,71.0,59.0,225.0,fall
68.0,49.0,151.0,49.0,30.0,117.0,82.0,59.0,137.0,60.0,38.0,121.0,205.0,165.0,139.0,240.0,203.0,178.0,120.0,73.0,150.0,101.0,78.0,192.0,fall
74.0,66.0,193.0,44.0,37.0,182.0,63.0,58.0,159.0,59.0,52.0,155.0,169.0,149.0,139.0,226.0,209.0,194.0,105.0,67.0,165.0,68.0,62.0,225.0,fall
53.0,36.0,143.0,78.0,59.0,153.0,57.0,44.0,145.0,60.0,52.0,143.0,217.0,180.0,163.0,221.0,181.0,161.0,109.0,62.0,166.0,67.0,55.0,225.0,fall
56.0,44.0,192.0,86.0,67.0,139.0,49.0,37.0,135.0,39.0,29.0,157.0,199.0,153.0,124.0,215.0,168.0,142.0,103.0,69.0,155.0,47.0,36.0,218.0,fall
49.0,36.0,137.0,57.0,44.0,147.0,34.0,31.0,125.0,44.0,40.0,134.0,181.0,145.0,135.0,149.0,106.0,89.0,79.0,49.0,146.0,62.0,49.0,209.0,fall
66.0,56.0,201.0,77.0,63.0,182.0,68.0,59.0,164.0,57.0,48.0,164.0,203.0,171.0,167.0,213.0,177.0,171.0,114.0,87.0,176.0,85.0,71.0,212.0,fall
49.0,41.0,178.0,88.0,74.0,171.0,65.0,57.0,135.0,69.0,63.0,146.0,201.0,170.0,148.0,195.0,173.0,180.0,78.0,47.0,147.0,106.0,94.0,204.0,fall
95.0,74.0,181.0,90.0,69.0,184.0,86.0,64.0,144.0,95.0,68.0,142.0,249.0,210.0,196.0,234.0,196.0,183.0,134.0,80.0,167.0,62.0,51.0,230.0,fall
100.0,83.0,163.0,70.0,58.0,157.0,109.0,97.0,170.0,99.0,89.0,175.0,189.0,165.0,187.0,228.0,192.0,169.0,126.0,83.0,154.0,60.0,51.0,225.0,fall
117.0,95.0,191.0,100.0,80.0,193.0,76.0,54.0,120.0,78.0,58.0,122.0,219.0,185.0,172.0,227.0,192.0,178.0,121.0,84.0,180.0,69.0,55.0,218.0,fall
70.0,47.0,173.0,79.0,56.0,178.0,55.0,40.0,139.0,56.0,40.0,146.0,213.0,155.0,130.0,235.0,179.0,154.0,131.0,80.0,152.0,99.0,76.0,210.0,fall
40.0,32.0,187.0,85.0,73.0,173.0,65.0,56.0,140.0,54.0,47.0,173.0,213.0,189.0,183.0,221.0,198.0,195.0,92.0,59.0,176.0,55.0,49.0,224.0,fall
57.0,37.0,150.0,85.0,62.0,147.0,62.0,45.0,130.0,73.0,53.0,129.0,228.0,180.0,155.0,207.0,158.0,131.0,112.0,60.0,145.0,81.0,62.0,212.0,fall
32.0,25.0,160.0,44.0,35.0,201.0,30.0,26.0,134.0,45.0,40.0,153.0,184.0,148.0,127.0,129.0,100.0,84.0,73.0,42.0,138.0,71.0,56.0,195.0,fall
72.0,53.0,154.0,90.0,68.0,147.0,64.0,41.0,128.0,66.0,43.0,140.0,186.0,140.0,124.0,191.0,146.0,133.0,121.0,85.0,161.0,73.0,58.0,211.0,fall
64.0,37.0,166.0,98.0,52.0,104.0,70.0,52.0,136.0,74.0,53.0,123.0,210.0,158.0,124.0,204.0,152.0,119.0,101.0,55.0,154.0,64.0,49.0,214.0,fall
40.0,30.0,143.0,62.0,50.0,198.0,59.0,47.0,145.0,75.0,61.0,165.0,212.0,183.0,177.0,213.0,179.0,177.0,113.0,79.0,173.0,96.0,85.0,221.0,fall
43.0,24.0,182.0,51.0,34.0,195.0,79.0,69.0,166.0,84.0,72.0,174.0,244.0,218.0,197.0,222.0,168.0,129.0,114.0,54.0,154.0,53.0,42.0,227.0,fall
63.0,52.0,203.0,91.0,71.0,140.0,85.0,68.0,168.0,24.0,17.0,199.0,243.0,217.0,204.0,243.0,223.0,213.0,120.0,82.0,169.0,51.0,43.0,231.0,fall
87.0,77.0,192.0,98.0,88.0,183.0,71.0,63.0,144.0,70.0,62.0,150.0,231.0,203.0,201.0,243.0,215.0,213.0,123.0,59.0,162.0,74.0,64.0,229.0,fall
85.0,69.0,190.0,86.0,65.0,178.0,69.0,58.0,141.0,65.0,51.0,137.0,232.0,177.0,161.0,238.0,189.0,173.0,132.0,70.0,157.0,68.0,52.0,221.0,fall
62.0,52.0,175.0,61.0,51.0,128.0,52.0,43.0,121.0,38.0,33.0,148.0,188.0,162.0,136.0,173.0,143.0,119.0,94.0,67.0,147.0,28.0,21.0,223.0,fall
104.0,72.0,158.0,88.0,57.0,165.0,72.0,60.0,153.0,79.0,65.0,141.0,253.0,202.0,169.0,238.0,188.0,152.0,123.0,63.0,168.0,67.0,51.0,224.0,fall
73.0,62.0,200.0,77.0,63.0,191.0,83.0,71.0,160.0,52.0,45.0,182.0,203.0,167.0,152.0,215.0,177.0,161.0,103.0,76.0,177.0,95.0,77.0,205.0,fall
45.0,42.0,231.0,44.0,40.0,211.0,14.0,12.0,244.0,66.0,65.0,197.0,191.0,170.0,183.0,129.0,123.0,244.0,127.0,102.0,198.0,49.0,44.0,243.0,fall
78.0,64.0,139.0,92.0,79.0,187.0,80.0,68.0,159.0,90.0,79.0,160.0,225.0,206.0,208.0,234.0,218.0,223.0,106.0,54.0,157.0,93.0,86.0,228.0,fall
38.0,31.0,145.0,39.0,33.0,203.0,33.0,28.0,174.0,41.0,35.0,160.0,232.0,217.0,207.0,208.0,184.0,168.0,87.0,57.0,169.0,80.0,70.0,218.0,fall
102.0,64.0,124.0,56.0,34.0,149.0,120.0,90.0,138.0,105.0,86.0,153.0,245.0,217.0,207.0,246.0,210.0,197.0,137.0,83.0,160.0,124.0,102.0,212.0,fall
111.0,99.0,139.0,89.0,75.0,167.0,98.0,74.0,137.0,101.0,78.0,139.0,241.0,212.0,208.0,231.0,206.0,199.0,130.0,81.0,165.0,93.0,80.0,221.0,fall
43.0,34.0,190.0,35.0,26.0,178.0,43.0,35.0,188.0,50.0,39.0,161.0,203.0,180.0,165.0,24.0,20.0,238.0,85.0,55.0,179.0,60.0,50.0,219.0,fall
58.0,39.0,198.0,31.0,16.0,183.0,28.0,18.0,162.0,28.0,18.0,134.0,223.0,167.0,141.0,209.0,149.0,115.0,63.0,30.0,192.0,68.0,49.0,212.0,fall
105.0,84.0,192.0,81.0,66.0,208.0,80.0,73.0,169.0,80.0,73.0,162.0,248.0,225.0,211.0,237.0,202.0,187.0,133.0,87.0,195.0,63.0,55.0,234.0,fall
93.0,79.0,187.0,68.0,59.0,183.0,81.0,71.0,138.0,65.0,59.0,143.0,218.0,183.0,158.0,240.0,209.0,192.0,121.0,86.0,192.0,72.0,62.0,221.0,fall
60.0,42.0,173.0,77.0,58.0,185.0,85.0,73.0,165.0,88.0,83.0,188.0,227.0,196.0,187.0,224.0,188.0,178.0,123.0,72.0,173.0,62.0,53.0,230.0,fall
81.0,64.0,196.0,113.0,92.0,196.0,70.0,53.0,147.0,83.0,62.0,145.0,240.0,210.0,199.0,223.0,192.0,185.0,136.0,90.0,173.0,90.0,75.0,222.0,fall
48.0,40.0,210.0,88.0,78.0,205.0,41.0,33.0,191.0,74.0,62.0,179.0,208.0,189.0,181.0,135.0,120.0,189.0,118.0,84.0,168.0,57.0,51.0,224.0,fall
96.0,65.0,171.0,76.0,52.0,189.0,57.0,33.0,139.0,69.0,48.0,132.0,215.0,151.0,126.0,209.0,148.0,121.0,120.0,66.0,149.0,81.0,53.0,184.0,fall
112.0,87.0,171.0,116.0,91.0,180.0,71.0,65.0,145.0,82.0,70.0,145.0,235.0,217.0,212.0,233.0,214.0,204.0,121.0,78.0,177.0,82.0,73.0,230.0,fall
91.0,49.0,118.0,81.0,45.0,129.0,54.0,24.0,95.0,44.0,20.0,105.0,204.0,123.0,86.0,219.0,132.0,92.0,110.0,52.0,132.0,63.0,39.0,205.0,fall
45.0,37.0,185.0,116.0,101.0,187.0,62.0,49.0,135.0,68.0,53.0,152.0,228.0,196.0,184.0,223.0,191.0,182.0,112.0,70.0,169.0,81.0,68.0,223.0,fall
40.0,27.0,167.0,30.0,20.0,111.0,69.0,49.0,146.0,36.0,25.0,180.0,185.0,149.0,132.0,204.0,165.0,149.0,94.0,62.0,151.0,44.0,33.0,208.0,fall
35.0,29.0,187.0,35.0,29.0,135.0,59.0,56.0,156.0,65.0,61.0,162.0,197.0,175.0,159.0,200.0,179.0,166.0,91.0,59.0,145.0,81.0,72.0,215.0,fall
35.0,26.0,159.0,44.0,32.0,152.0,72.0,63.0,145.0,69.0,59.0,145.0,227.0,193.0,181.0,216.0,181.0,169.0,105.0,57.0,163.0,64.0,56.0,232.0,fall
105.0,79.0,177.0,78.0,49.0,135.0,83.0,71.0,149.0,70.0,59.0,147.0,235.0,196.0,170.0,242.0,207.0,187.0,136.0,80.0,163.0,50.0,42.0,229.0,fall
23.0,15.0,189.0,39.0,27.0,191.0,30.0,20.0,155.0,32.0,23.0,163.0,176.0,138.0,107.0,170.0,130.0,108.0,88.0,54.0,134.0,62.0,47.0,198.0,fall
90.0,69.0,90.0,87.0,62.0,166.0,77.0,65.0,123.0,69.0,58.0,145.0,216.0,156.0,114.0,218.0,160.0,118.0,125.0,79.0,144.0,74.0,52.0,201.0,fall
52.0,38.0,193.0,40.0,30.0,161.0,57.0,45.0,123.0,39.0,31.0,120.0,209.0,159.0,140.0,225.0,173.0,152.0,100.0,55.0,129.0,45.0,34.0,221.0,fall
32.0,23.0,132.0,35.0,27.0,204.0,33.0,27.0,136.0,50.0,42.0,148.0,191.0,165.0,155.0,134.0,109.0,94.0,55.0,29.0,167.0,81.0,68.0,194.0,fall
66.0,48.0,125.0,64.0,47.0,168.0,48.0,40.0,121.0,51.0,43.0,144.0,210.0,173.0,156.0,218.0,184.0,169.0,111.0,65.0,163.0,87.0,76.0,225.0,fall
58.0,33.0,147.0,76.0,47.0,147.0,65.0,49.0,140.0,77.0,59.0,149.0,240.0,181.0,166.0,230.0,165.0,148.0,119.0,65.0,166.0,66.0,48.0,220.0,fall
77.0,60.0,186.0,92.0,71.0,153.0,69.0,54.0,129.0,64.0,49.0,144.0,217.0,173.0,151.0,234.0,192.0,169.0,119.0,55.0,155.0,57.0,47.0,224.0,fall
77.0,65.0,142.0,42.0,33.0,147.0,91.0,78.0,150.0,69.0,57.0,132.0,224.0,194.0,176.0,234.0,204.0,187.0,114.0,76.0,170.0,83.0,72.0,224.0,fall
17.0,11.0,181.0,17.0,12.0,162.0,41.0,29.0,142.0,39.0,29.0,113.0,127.0,89.0,67.0,129.0,96.0,128.0,75.0,48.0,134.0,61.0,45.0,189.0,fall
56.0,48.0,154.0,61.0,54.0,128.0,50.0,41.0,128.0,53.0,50.0,176.0,78.0,68.0,212.0,212.0,186.0,182.0,97.0,71.0,172.0,47.0,41.0,224.0,fall
54.0,29.0,139.0,80.0,46.0,128.0,79.0,62.0,148.0,79.0,62.0,152.0,235.0,176.0,163.0,224.0,160.0,144.0,111.0,62.0,168.0,64.0,47.0,220.0,fall
103.0,79.0,185.0,102.0,83.0,191.0,95.0,74.0,137.0,87.0,69.0,153.0,236.0,196.0,184.0,253.0,206.0,189.0,133.0,90.0,179.0,89.0,72.0,221.0,fall
17.0,15.0,152.0,22.0,18.0,184.0,33.0,26.0,147.0,49.0,35.0,132.0,221.0,188.0,177.0,195.0,173.0,161.0,78.0,47.0,174.0,84.0,71.0,213.0,fall
81.0,55.0,155.0,76.0,52.0,167.0,69.0,51.0,133.0,72.0,52.0,124.0,249.0,189.0,166.0,230.0,171.0,151.0,115.0,61.0,168.0,65.0,46.0,218.0,fall
84.0,66.0,183.0,110.0,81.0,138.0,87.0,67.0,134.0,74.0,57.0,144.0,222.0,187.0,160.0,234.0,198.0,175.0,126.0,86.0,150.0,79.0,66.0,215.0,fall
55.0,42.0,190.0,85.0,62.0,164.0,67.0,50.0,139.0,67.0,48.0,140.0,213.0,176.0,150.0,217.0,186.0,165.0,110.0,49.0,129.0,95.0,77.0,194.0,fall
94.0,64.0,137.0,78.0,50.0,138.0,72.0,57.0,154.0,82.0,64.0,148.0,234.0,193.0,175.0,229.0,189.0,174.0,127.0,63.0,163.0,70.0,57.0,226.0,fall
31.0,24.0,119.0,52.0,46.0,193.0,38.0,34.0,131.0,49.0,46.0,138.0,215.0,203.0,195.0,139.0,119.0,111.0,56.0,31.0,149.0,53.0,48.0,213.0,fall
79.0,64.0,190.0,82.0,65.0,189.0,46.0,41.0,118.0,50.0,44.0,119.0,231.0,194.0,182.0,221.0,185.0,174.0,95.0,55.0,152.0,56.0,46.0,218.0,fall
58.0,39.0,136.0,29.0,18.0,180.0,68.0,53.0,138.0,83.0,65.0,153.0,212.0,163.0,133.0,111.0,91.0,202.0,97.0,28.0,108.0,86.0,69.0,216.0,fall
79.0,60.0,170.0,71.0,51.0,153.0,69.0,53.0,126.0,60.0,46.0,120.0,199.0,153.0,139.0,218.0,177.0,163.0,105.0,66.0,159.0,66.0,50.0,207.0,fall
74.0,51.0,140.0,34.0,21.0,157.0,84.0,62.0,155.0,63.0,46.0,151.0,194.0,148.0,115.0,246.0,220.0,198.0,108.0,68.0,159.0,72.0,56.0,204.0,fall
41.0,32.0,189.0,25.0,17.0,167.0,60.0,47.0,168.0,52.0,39.0,144.0,155.0,134.0,172.0,210.0,185.0,174.0,65.0,44.0,189.0,50.0,42.0,224.0,fall
31.0,23.0,176.0,33.0,22.0,99.0,55.0,47.0,140.0,72.0,59.0,148.0,235.0,209.0,178.0,196.0,164.0,156.0,106.0,74.0,161.0,106.0,89.0,201.0,fall
43.0,33.0,215.0,35.0,31.0,204.0,39.0,30.0,187.0,55.0,49.0,163.0,120.0,124.0,135.0,114.0,91.0,186.0,89.0,58.0,176.0,29.0,22.0,229.0,fall
64.0,47.0,154.0,34.0,24.0,160.0,56.0,41.0,139.0,44.0,34.0,131.0,157.0,109.0,80.0,196.0,145.0,116.0,85.0,54.0,159.0,50.0,34.0,198.0,fall
43.0,34.0,194.0,49.0,42.0,226.0,45.0,37.0,152.0,54.0,44.0,170.0,223.0,198.0,173.0,83.0,67.0,217.0,122.0,61.0,154.0,77.0,63.0,222.0,fall
102.0,80.0,156.0,114.0,89.0,172.0,57.0,49.0,139.0,63.0,54.0,143.0,238.0,187.0,162.0,235.0,190.0,167.0,113.0,55.0,151.0,87.0,72.0,222.0,fall
42.0,32.0,181.0,135.0,124.0,195.0,58.0,47.0,140.0,63.0,54.0,168.0,237.0,217.0,205.0,189.0,150.0,129.0,98.0,60.0,152.0,60.0,52.0,228.0,fall
53.0,37.0,102.0,96.0,74.0,161.0,62.0,47.0,123.0,70.0,53.0,139.0,231.0,201.0,168.0,221.0,184.0,141.0,113.0,48.0,122.0,77.0,65.0,218.0,fall
24.0,19.0,147.0,33.0,27.0,164.0,50.0,39.0,131.0,59.0,47.0,132.0,212.0,191.0,184.0,207.0,184.0,169.0,89.0,52.0,163.0,85.0,76.0,216.0,fall
101.0,87.0,214.0,104.0,84.0,186.0,92.0,71.0,147.0,86.0,67.0,151.0,227.0,195.0,188.0,239.0,217.0,215.0,139.0,95.0,194.0,80.0,69.0,225.0,fall
44.0,32.0,184.0,58.0,41.0,136.0,69.0,61.0,152.0,64.0,56.0,152.0,219.0,180.0,171.0,239.0,198.0,187.0,114.0,69.0,159.0,83.0,68.0,216.0,fall
84.0,68.0,159.0,41.0,32.0,124.0,70.0,53.0,127.0,53.0,42.0,125.0,220.0,180.0,157.0,225.0,185.0,163.0,89.0,18.0,116.0,72.0,57.0,210.0,fall
77.0,65.0,178.0,67.0,55.0,184.0,78.0,66.0,136.0,70.0,56.0,133.0,208.0,182.0,167.0,224.0,210.0,198.0,129.0,93.0,169.0,95.0,83.0,212.0,fall
32.0,28.0,134.0,89.0,74.0,184.0,38.0,39.0,120.0,76.0,76.0,156.0,208.0,185.0,169.0,161.0,134.0,131.0,115.0,76.0,155.0,94.0,83.0,209.0,fall
57.0,46.0,132.0,57.0,45.0,168.0,44.0,40.0,139.0,51.0,47.0,133.0,227.0,201.0,188.0,188.0,160.0,146.0,85.0,48.0,162.0,47.0,42.0,226.0,fall
73.0,54.0,178.0,42.0,26.0,127.0,40.0,38.0,138.0,33.0,28.0,114.0,227.0,191.0,158.0,196.0,156.0,131.0,84.0,41.0,161.0,54.0,45.0,222.0,fall
79.0,66.0,187.0,93.0,79.0,176.0,73.0,65.0,153.0,76.0,69.0,162.0,222.0,196.0,192.0,228.0,201.0,195.0,116.0,72.0,170.0,67.0,57.0,226.0,fall
44.0,37.0,154.0,21.0,18.0,154.0,66.0,56.0,128.0,71.0,64.0,141.0,234.0,216.0,209.0,219.0,195.0,187.0,131.0,85.0,169.0,68.0,60.0,227.0,fall
29.0,17.0,173.0,68.0,45.0,122.0,74.0,59.0,161.0,45.0,32.0,163.0,219.0,186.0,180.0,236.0,209.0,202.0,115.0,87.0,176.0,63.0,52.0,225.0,fall
88.0,66.0,163.0,80.0,59.0,151.0,87.0,61.0,138.0,72.0,52.0,143.0,226.0,169.0,150.0,224.0,170.0,152.0,118.0,71.0,165.0,56.0,41.0,222.0,fall
90.0,71.0,158.0,109.0,87.0,161.0,93.0,76.0,151.0,95.0,78.0,142.0,224.0,186.0,181.0,211.0,170.0,164.0,106.0,70.0,176.0,85.0,72.0,221.0,summer
44.0,35.0,165.0,57.0,49.0,198.0,62.0,57.0,154.0,67.0,58.0,168.0,228.0,204.0,192.0,202.0,175.0,167.0,112.0,69.0,158.0,89.0,79.0,228.0,summer
103.0,84.0,180.0,84.0,63.0,163.0,73.0,64.0,152.0,63.0,56.0,149.0,211.0,183.0,183.0,240.0,226.0,227.0,123.0,57.0,171.0,89.0,80.0,226.0,summer
78.0,66.0,159.0,93.0,84.0,214.0,74.0,66.0,161.0,93.0,84.0,164.0,229.0,215.0,216.0,204.0,185.0,187.0,98.0,59.0,170.0,88.0,81.0,229.0,summer
79.0,63.0,133.0,79.0,63.0,139.0,69.0,56.0,135.0,69.0,59.0,142.0,191.0,168.0,152.0,206.0,184.0,169.0,109.0,76.0,162.0,84.0,74.0,210.0,summer
32.0,28.0,176.0,29.0,26.0,126.0,61.0,57.0,148.0,58.0,54.0,136.0,194.0,177.0,171.0,197.0,178.0,172.0,91.0,51.0,179.0,67.0,62.0,231.0,summer
47.0,43.0,170.0,86.0,75.0,111.0,58.0,53.0,126.0,57.0,50.0,119.0,178.0,157.0,144.0,175.0,157.0,151.0,90.0,69.0,163.0,71.0,63.0,205.0,summer
34.0,27.0,199.0,83.0,68.0,162.0,37.0,32.0,133.0,27.0,24.0,144.0,220.0,187.0,182.0,193.0,161.0,156.0,104.0,60.0,163.0,62.0,53.0,216.0,summer
46.0,36.0,155.0,45.0,41.0,231.0,65.0,55.0,150.0,73.0,63.0,188.0,227.0,205.0,197.0,126.0,110.0,212.0,132.0,97.0,180.0,86.0,76.0,231.0,summer
62.0,52.0,191.0,87.0,77.0,192.0,71.0,61.0,141.0,70.0,61.0,151.0,216.0,195.0,201.0,222.0,201.0,209.0,122.0,72.0,175.0,72.0,65.0,232.0,summer
84.0,64.0,173.0,90.0,70.0,185.0,81.0,60.0,143.0,96.0,73.0,121.0,213.0,169.0,158.0,229.0,189.0,181.0,132.0,101.0,182.0,91.0,74.0,212.0,summer
99.0,83.0,180.0,94.0,78.0,182.0,66.0,52.0,131.0,71.0,59.0,143.0,229.0,203.0,186.0,223.0,198.0,182.0,114.0,74.0,160.0,76.0,68.0,226.0,summer
63.0,51.0,197.0,73.0,56.0,198.0,54.0,38.0,153.0,58.0,39.0,146.0,226.0,186.0,162.0,207.0,160.0,162.0,81.0,47.0,177.0,94.0,76.0,209.0,summer
65.0,57.0,171.0,63.0,55.0,193.0,66.0,55.0,115.0,73.0,62.0,124.0,164.0,143.0,124.0,142.0,129.0,180.0,108.0,83.0,142.0,97.0,88.0,200.0,summer
63.0,48.0,169.0,37.0,31.0,175.0,61.0,48.0,136.0,49.0,39.0,148.0,164.0,120.0,102.0,208.0,160.0,135.0,111.0,69.0,129.0,104.0,79.0,182.0,summer
84.0,65.0,198.0,63.0,49.0,214.0,66.0,54.0,173.0,71.0,58.0,165.0,242.0,217.0,210.0,220.0,189.0,179.0,89.0,50.0,194.0,77.0,66.0,228.0,summer
99.0,77.0,160.0,95.0,89.0,189.0,77.0,60.0,118.0,83.0,67.0,128.0,216.0,196.0,186.0,207.0,160.0,135.0,119.0,91.0,165.0,70.0,60.0,223.0,summer
34.0,29.0,221.0,60.0,52.0,230.0,79.0,67.0,183.0,94.0,81.0,191.0,245.0,228.0,228.0,228.0,208.0,210.0,114.0,71.0,202.0,109.0,101.0,241.0,summer
82.0,67.0,180.0,103.0,86.0,176.0,84.0,75.0,159.0,69.0,57.0,153.0,233.0,202.0,194.0,243.0,213.0,206.0,142.0,76.0,180.0,73.0,63.0,233.0,summer
50.0,44.0,162.0,69.0,59.0,154.0,35.0,32.0,169.0,62.0,53.0,147.0,217.0,202.0,197.0,200.0,182.0,176.0,107.0,87.0,183.0,114.0,104.0,215.0,summer
76.0,61.0,145.0,77.0,61.0,166.0,46.0,35.0,108.0,49.0,39.0,110.0,236.0,207.0,201.0,141.0,116.0,113.0,117.0,69.0,154.0,58.0,48.0,227.0,summer
110.0,93.0,195.0,70.0,49.0,157.0,75.0,54.0,127.0,76.0,55.0,116.0,240.0,196.0,159.0,250.0,226.0,201.0,140.0,87.0,167.0,73.0,55.0,213.0,summer
73.0,59.0,208.0,116.0,98.0,190.0,72.0,58.0,158.0,75.0,63.0,157.0,234.0,202.0,188.0,238.0,202.0,185.0,121.0,80.0,168.0,69.0,57.0,224.0,summer
56.0,40.0,160.0,60.0,45.0,189.0,73.0,57.0,130.0,72.0,54.0,139.0,209.0,174.0,177.0,187.0,148.0,145.0,108.0,58.0,146.0,76.0,58.0,209.0,summer
68.0,56.0,142.0,71.0,57.0,193.0,54.0,47.0,144.0,75.0,63.0,145.0,196.0,166.0,171.0,173.0,143.0,145.0,91.0,54.0,157.0,80.0,70.0,220.0,summer
45.0,40.0,203.0,58.0,51.0,188.0,50.0,44.0,148.0,40.0,36.0,164.0,194.0,173.0,165.0,214.0,198.0,203.0,87.0,47.0,185.0,74.0,66.0,222.0,summer
104.0,78.0,172.0,110.0,87.0,197.0,63.0,53.0,147.0,76.0,65.0,151.0,253.0,215.0,193.0,245.0,193.0,169.0,132.0,68.0,169.0,70.0,55.0,221.0,summer
45.0,38.0,221.0,33.0,26.0,209.0,65.0,55.0,174.0,69.0,59.0,172.0,198.0,171.0,164.0,224.0,197.0,193.0,117.0,58.0,177.0,32.0,27.0,241.0,summer
68.0,54.0,219.0,106.0,80.0,178.0,82.0,68.0,183.0,89.0,76.0,171.0,228.0,182.0,167.0,224.0,189.0,197.0,139.0,83.0,189.0,86.0,66.0,212.0,summer
57.0,49.0,205.0,94.0,94.0,212.0,64.0,56.0,156.0,66.0,66.0,174.0,203.0,197.0,201.0,198.0,184.0,182.0,113.0,75.0,169.0,70.0,66.0,228.0,summer
67.0,57.0,180.0,57.0,49.0,185.0,103.0,86.0,120.0,70.0,56.0,149.0,198.0,178.0,168.0,219.0,200.0,189.0,139.0,115.0,157.0,92.0,82.0,209.0,summer
21.0,19.0,191.0,47.0,42.0,211.0,45.0,43.0,163.0,45.0,44.0,160.0,213.0,203.0,205.0,191.0,162.0,146.0,101.0,55.0,177.0,74.0,67.0,226.0,summer
61.0,49.0,165.0,96.0,75.0,185.0,62.0,58.0,139.0,64.0,59.0,160.0,236.0,208.0,199.0,224.0,194.0,184.0,117.0,63.0,165.0,77.0,67.0,229.0,summer
68.0,53.0,197.0,107.0,85.0,186.0,82.0,62.0,162.0,91.0,67.0,155.0,202.0,157.0,142.0,222.0,170.0,155.0,102.0,73.0,181.0,76.0,57.0,208.0,summer
80.0,54.0,146.0,102.0,67.0,136.0,58.0,39.0,118.0,55.0,36.0,123.0,204.0,141.0,112.0,201.0,139.0,116.0,99.0,60.0,153.0,73.0,47.0,203.0,summer
46.0,42.0,208.0,60.0,52.0,192.0,62.0,54.0,157.0,56.0,49.0,165.0,216.0,199.0,200.0,234.0,225.0,227.0,120.0,69.0,184.0,62.0,57.0,235.0,summer
67.0,52.0,182.0,88.0,72.0,193.0,73.0,62.0,152.0,60.0,48.0,160.0,231.0,200.0,193.0,241.0,210.0,206.0,118.0,55.0,177.0,81.0,73.0,238.0,summer
92.0,69.0,162.0,83.0,63.0,179.0,65.0,47.0,121.0,59.0,43.0,129.0,217.0,180.0,167.0,215.0,176.0,160.0,107.0,57.0,147.0,91.0,74.0,214.0,summer
94.0,85.0,173.0,68.0,58.0,179.0,62.0,60.0,148.0,61.0,59.0,144.0,206.0,190.0,183.0,188.0,172.0,171.0,91.0,53.0,162.0,58.0,53.0,221.0,summer
72.0,61.0,209.0,70.0,57.0,186.0,80.0,76.0,184.0,74.0,70.0,170.0,232.0,205.0,206.0,228.0,202.0,200.0,109.0,37.0,164.0,67.0,58.0,234.0,summer
95.0,82.0,181.0,68.0,59.0,223.0,90.0,80.0,162.0,78.0,71.0,188.0,220.0,197.0,188.0,235.0,209.0,200.0,122.0,88.0,207.0,82.0,75.0,238.0,summer
86.0,69.0,172.0,65.0,48.0,173.0,71.0,55.0,129.0,62.0,47.0,145.0,212.0,180.0,182.0,231.0,199.0,186.0,96.0,63.0,174.0,63.0,53.0,223.0,summer
57.0,50.0,177.0,48.0,43.0,189.0,46.0,40.0,151.0,60.0,54.0,147.0,189.0,168.0,165.0,204.0,185.0,179.0,105.0,74.0,169.0,83.0,75.0,215.0,summer
93.0,82.0,202.0,68.0,54.0,140.0,72.0,56.0,130.0,60.0,46.0,140.0,169.0,134.0,119.0,231.0,212.0,204.0,93.0,70.0,176.0,68.0,57.0,204.0,summer
68.0,57.0,126.0,77.0,65.0,151.0,83.0,66.0,125.0,76.0,60.0,118.0,222.0,199.0,190.0,198.0,168.0,158.0,102.0,73.0,178.0,73.0,62.0,214.0,summer
63.0,53.0,178.0,74.0,66.0,219.0,34.0,28.0,179.0,65.0,54.0,133.0,238.0,225.0,221.0,209.0,194.0,194.0,125.0,95.0,179.0,107.0,94.0,213.0,summer
53.0,44.0,210.0,111.0,97.0,191.0,54.0,43.0,178.0,48.0,39.0,188.0,215.0,185.0,181.0,216.0,187.0,187.0,100.0,72.0,182.0,76.0,64.0,219.0,summer
40.0,32.0,185.0,64.0,54.0,210.0,26.0,19.0,164.0,52.0,41.0,147.0,226.0,192.0,186.0,208.0,169.0,164.0,93.0,61.0,157.0,101.0,85.0,207.0,summer
85.0,60.0,184.0,77.0,54.0,193.0,76.0,56.0,145.0,74.0,55.0,144.0,232.0,189.0,193.0,229.0,188.0,189.0,125.0,56.0,160.0,73.0,56.0,223.0,summer
85.0,62.0,151.0,97.0,79.0,175.0,73.0,57.0,122.0,85.0,68.0,131.0,195.0,160.0,147.0,223.0,196.0,185.0,100.0,62.0,146.0,83.0,71.0,214.0,summer
61.0,49.0,186.0,83.0,68.0,200.0,72.0,58.0,147.0,71.0,57.0,152.0,228.0,203.0,208.0,230.0,206.0,212.0,139.0,70.0,182.0,79.0,68.0,230.0,summer
64.0,45.0,137.0,44.0,34.0,174.0,47.0,41.0,125.0,54.0,50.0,147.0,203.0,156.0,137.0,200.0,155.0,135.0,103.0,59.0,151.0,53.0,42.0,219.0,summer
71.0,54.0,167.0,80.0,61.0,161.0,93.0,72.0,145.0,96.0,78.0,161.0,229.0,191.0,165.0,233.0,195.0,168.0,128.0,78.0,155.0,75.0,62.0,220.0,summer
33.0,24.0,150.0,70.0,55.0,119.0,65.0,44.0,129.0,63.0,46.0,151.0,213.0,176.0,156.0,193.0,152.0,139.0,109.0,69.0,148.0,90.0,70.0,200.0,summer
90.0,74.0,201.0,100.0,85.0,201.0,66.0,56.0,179.0,61.0,51.0,171.0,214.0,186.0,188.0,207.0,178.0,198.0,125.0,84.0,170.0,97.0,86.0,215.0,summer
25.0,22.0,176.0,27.0,21.0,135.0,62.0,64.0,173.0,61.0,59.0,166.0,180.0,154.0,143.0,222.0,219.0,225.0,110.0,78.0,185.0,78.0,69.0,215.0,summer
91.0,90.0,181.0,35.0,39.0,161.0,56.0,59.0,154.0,41.0,48.0,130.0,173.0,164.0,163.0,206.0,196.0,188.0,99.0,80.0,167.0,50.0,47.0,224.0,summer
78.0,52.0,157.0,83.0,55.0,146.0,57.0,42.0,130.0,45.0,31.0,133.0,236.0,161.0,145.0,246.0,163.0,125.0,117.0,60.0,150.0,75.0,53.0,215.0,summer
45.0,36.0,173.0,67.0,54.0,179.0,53.0,42.0,142.0,50.0,39.0,143.0,186.0,153.0,163.0,224.0,196.0,187.0,89.0,56.0,144.0,92.0,77.0,201.0,summer
54.0,46.0,164.0,35.0,29.0,109.0,60.0,54.0,132.0,50.0,45.0,139.0,178.0,160.0,147.0,218.0,204.0,192.0,94.0,72.0,161.0,54.0,47.0,211.0,summer
58.0,48.0,165.0,54.0,48.0,148.0,56.0,51.0,134.0,46.0,42.0,138.0,200.0,180.0,182.0,206.0,180.0,177.0,86.0,36.0,149.0,36.0,32.0,233.0,summer
100.0,88.0,169.0,63.0,51.0,180.0,52.0,41.0,154.0,43.0,33.0,151.0,187.0,156.0,146.0,223.0,200.0,194.0,106.0,80.0,169.0,60.0,47.0,206.0,summer
23.0,17.0,192.0,38.0,28.0,196.0,35.0,29.0,149.0,41.0,36.0,144.0,192.0,165.0,160.0,171.0,144.0,135.0,89.0,48.0,160.0,84.0,73.0,210.0,summer
43.0,29.0,152.0,72.0,57.0,186.0,50.0,36.0,107.0,55.0,39.0,124.0,213.0,178.0,160.0,170.0,130.0,112.0,91.0,46.0,128.0,69.0,52.0,195.0,summer
72.0,59.0,148.0,82.0,68.0,163.0,61.0,54.0,125.0,64.0,56.0,149.0,213.0,187.0,177.0,198.0,169.0,161.0,114.0,71.0,160.0,94.0,85.0,225.0,summer
79.0,67.0,189.0,90.0,74.0,169.0,79.0,65.0,148.0,77.0,64.0,155.0,238.0,193.0,169.0,248.0,202.0,175.0,143.0,85.0,168.0,84.0,63.0,216.0,summer
75.0,63.0,168.0,71.0,56.0,148.0,107.0,86.0,158.0,79.0,59.0,173.0,222.0,182.0,162.0,246.0,224.0,218.0,127.0,90.0,183.0,90.0,74.0,215.0,summer
79.0,64.0,173.0,82.0,69.0,150.0,88.0,72.0,143.0,43.0,35.0,170.0,207.0,182.0,163.0,213.0,188.0,169.0,108.0,76.0,142.0,55.0,47.0,219.0,summer
63.0,52.0,148.0,47.0,38.0,162.0,36.0,30.0,124.0,30.0,25.0,104.0,187.0,158.0,145.0,189.0,162.0,150.0,94.0,59.0,166.0,61.0,55.0,228.0,summer
57.0,45.0,147.0,76.0,65.0,178.0,51.0,43.0,117.0,67.0,55.0,126.0,221.0,194.0,177.0,170.0,138.0,123.0,99.0,69.0,157.0,78.0,68.0,220.0,summer
59.0,53.0,177.0,87.0,77.0,192.0,68.0,61.0,123.0,71.0,61.0,173.0,216.0,197.0,204.0,180.0,164.0,167.0,133.0,103.0,189.0,70.0,64.0,229.0,summer
72.0,58.0,190.0,76.0,63.0,199.0,73.0,61.0,129.0,70.0,57.0,141.0,229.0,207.0,192.0,225.0,199.0,182.0,114.0,75.0,149.0,71.0,61.0,215.0,summer
60.0,51.0,193.0,93.0,84.0,225.0,65.0,58.0,152.0,59.0,54.0,180.0,246.0,236.0,241.0,230.0,209.0,215.0,120.0,82.0,191.0,82.0,78.0,246.0,summer
55.0,42.0,158.0,82.0,66.0,175.0,51.0,39.0,125.0,41.0,29.0,168.0,187.0,152.0,141.0,183.0,153.0,138.0,78.0,53.0,170.0,90.0,74.0,198.0,summer
98.0,86.0,187.0,77.0,68.0,193.0,76.0,65.0,157.0,76.0,66.0,145.0,198.0,175.0,164.0,212.0,187.0,172.0,101.0,72.0,170.0,71.0,62.0,217.0,summer
25.0,14.0,122.0,17.0,9.0,144.0,53.0,39.0,128.0,45.0,33.0,134.0,226.0,189.0,169.0,234.0,207.0,190.0,101.0,59.0,153.0,68.0,53.0,210.0,summer
67.0,49.0,172.0,62.0,45.0,179.0,71.0,48.0,112.0,64.0,43.0,131.0,219.0,176.0,155.0,216.0,177.0,157.0,123.0,86.0,163.0,85.0,67.0,205.0,summer
80.0,76.0,203.0,40.0,34.0,155.0,81.0,73.0,158.0,59.0,51.0,148.0,141.0,125.0,163.0,222.0,209.0,197.0,100.0,67.0,175.0,43.0,39.0,234.0,summer
59.0,45.0,190.0,102.0,83.0,179.0,52.0,44.0,139.0,54.0,45.0,144.0,219.0,188.0,178.0,218.0,186.0,176.0,119.0,68.0,172.0,68.0,58.0,223.0,summer
66.0,56.0,177.0,62.0,52.0,176.0,52.0,42.0,121.0,43.0,35.0,129.0,200.0,172.0,158.0,206.0,183.0,171.0,102.0,79.0,158.0,63.0,54.0,219.0,summer
34.0,24.0,189.0,40.0,29.0,172.0,54.0,43.0,160.0,65.0,50.0,162.0,129.0,107.0,189.0,202.0,172.0,157.0,76.0,51.0,184.0,47.0,38.0,227.0,summer
75.0,60.0,193.0,35.0,28.0,200.0,42.0,38.0,160.0,41.0,39.0,156.0,213.0,201.0,228.0,200.0,177.0,186.0,91.0,36.0,160.0,57.0,51.0,231.0,summer
67.0,51.0,199.0,108.0,84.0,184.0,76.0,63.0,157.0,59.0,47.0,169.0,238.0,199.0,192.0,254.0,215.0,207.0,136.0,92.0,184.0,83.0,67.0,226.0,summer
53.0,42.0,207.0,79.0,60.0,147.0,54.0,43.0,141.0,40.0,31.0,145.0,175.0,147.0,139.0,221.0,196.0,187.0,89.0,57.0,147.0,59.0,48.0,210.0,summer
38.0,37.0,189.0,39.0,38.0,210.0,38.0,34.0,177.0,69.0,65.0,190.0,174.0,161.0,185.0,175.0,167.0,189.0,56.0,43.0,214.0,71.0,67.0,230.0,summer
99.0,79.0,176.0,106.0,86.0,173.0,85.0,69.0,139.0,83.0,68.0,149.0,213.0,177.0,157.0,211.0,174.0,153.0,112.0,75.0,154.0,60.0,49.0,223.0,summer
64.0,55.0,163.0,124.0,110.0,192.0,65.0,57.0,142.0,78.0,67.0,162.0,242.0,230.0,227.0,212.0,189.0,186.0,125.0,94.0,184.0,82.0,77.0,240.0,summer
73.0,54.0,146.0,56.0,43.0,198.0,48.0,37.0,137.0,42.0,30.0,149.0,213.0,186.0,170.0,157.0,127.0,158.0,62.0,39.0,189.0,89.0,74.0,208.0,summer
95.0,73.0,146.0,98.0,79.0,191.0,63.0,44.0,165.0,75.0,53.0,147.0,229.0,191.0,180.0,188.0,145.0,131.0,89.0,61.0,136.0,89.0,72.0,205.0,summer
45.0,34.0,198.0,35.0,27.0,215.0,31.0,23.0,203.0,29.0,22.0,186.0,181.0,146.0,137.0,119.0,100.0,211.0,69.0,38.0,195.0,47.0,40.0,239.0,summer
82.0,64.0,134.0,55.0,43.0,162.0,60.0,50.0,147.0,61.0,52.0,127.0,239.0,217.0,216.0,237.0,214.0,214.0,116.0,72.0,172.0,88.0,79.0,222.0,summer
56.0,41.0,161.0,61.0,47.0,187.0,72.0,57.0,135.0,68.0,56.0,152.0,207.0,176.0,179.0,188.0,152.0,150.0,112.0,63.0,150.0,73.0,57.0,211.0,summer
25.0,18.0,195.0,39.0,28.0,187.0,64.0,54.0,172.0,57.0,46.0,162.0,193.0,156.0,145.0,239.0,206.0,203.0,105.0,71.0,191.0,74.0,63.0,228.0,summer
66.0,58.0,212.0,45.0,36.0,203.0,55.0,46.0,180.0,55.0,46.0,163.0,184.0,154.0,141.0,183.0,154.0,143.0,80.0,56.0,193.0,66.0,54.0,211.0,summer
32.0,28.0,177.0,32.0,28.0,119.0,58.0,54.0,148.0,58.0,54.0,135.0,194.0,177.0,172.0,198.0,180.0,173.0,92.0,53.0,179.0,67.0,62.0,231.0,summer
65.0,53.0,191.0,48.0,39.0,180.0,65.0,48.0,154.0,69.0,54.0,156.0,171.0,141.0,147.0,190.0,159.0,135.0,62.0,45.0,193.0,49.0,39.0,216.0,summer
40.0,32.0,229.0,39.0,33.0,231.0,60.0,51.0,202.0,50.0,41.0,198.0,213.0,189.0,184.0,98.0,91.0,238.0,111.0,56.0,199.0,52.0,47.0,243.0,summer
41.0,30.0,187.0,42.0,34.0,224.0,33.0,26.0,162.0,31.0,23.0,185.0,233.0,204.0,192.0,215.0,183.0,169.0,103.0,70.0,181.0,98.0,82.0,212.0,summer
121.0,99.0,177.0,104.0,86.0,188.0,100.0,82.0,161.0,93.0,79.0,170.0,223.0,187.0,183.0,232.0,195.0,175.0,120.0,82.0,178.0,62.0,51.0,233.0,summer
78.0,58.0,157.0,112.0,97.0,201.0,86.0,67.0,138.0,95.0,78.0,144.0,232.0,204.0,200.0,230.0,200.0,195.0,134.0,95.0,186.0,91.0,81.0,232.0,summer
101.0,88.0,170.0,74.0,63.0,190.0,45.0,37.0,161.0,44.0,35.0,119.0,226.0,200.0,189.0,233.0,204.0,190.0,116.0,84.0,171.0,78.0,68.0,224.0,summer
88.0,69.0,147.0,82.0,65.0,176.0,52.0,42.0,142.0,57.0,46.0,143.0,202.0,174.0,167.0,195.0,170.0,164.0,100.0,69.0,172.0,71.0,61.0,223.0,summer
76.0,66.0,166.0,82.0,70.0,182.0,67.0,58.0,160.0,75.0,65.0,144.0,198.0,171.0,171.0,220.0,199.0,195.0,129.0,78.0,179.0,97.0,85.0,214.0,summer
45.0,33.0,124.0,66.0,54.0,180.0,55.0,40.0,141.0,71.0,56.0,132.0,232.0,195.0,174.0,182.0,134.0,121.0,103.0,55.0,149.0,99.0,80.0,211.0,summer
82.0,67.0,166.0,75.0,59.0,149.0,85.0,66.0,127.0,69.0,53.0,162.0,237.0,200.0,185.0,231.0,192.0,175.0,119.0,80.0,168.0,91.0,74.0,216.0,summer
76.0,61.0,181.0,51.0,44.0,228.0,54.0,45.0,175.0,64.0,54.0,181.0,234.0,215.0,213.0,207.0,182.0,170.0,99.0,67.0,186.0,100.0,87.0,218.0,summer
48.0,40.0,198.0,39.0,33.0,224.0,55.0,48.0,171.0,-1,-1,-1,186.0,169.0,199.0,199.0,177.0,162.0,94.0,72.0,189.0,74.0,67.0,228.0,summer
66.0,58.0,193.0,106.0,95.0,204.0,64.0,55.0,147.0,57.0,50.0,166.0,223.0,198.0,204.0,235.0,198.0,202.0,128.0,79.0,195.0,90.0,75.0,229.0,summer
61.0,45.0,113.0,32.0,24.0,140.0,38.0,36.0,129.0,47.0,41.0,121.0,209.0,172.0,159.0,170.0,122.0,99.0,92.0,48.0,154.0,75.0,58.0,204.0,summer
77.0,61.0,148.0,66.0,53.0,176.0,61.0,51.0,150.0,76.0,65.0,144.0,216.0,197.0,183.0,199.0,176.0,162.0,101.0,61.0,161.0,64.0,58.0,228.0,summer
74.0,66.0,210.0,47.0,42.0,201.0,56.0,46.0,143.0,48.0,39.0,155.0,200.0,184.0,178.0,241.0,229.0,227.0,77.0,56.0,196.0,66.0,63.0,238.0,summer
87.0,67.0,177.0,68.0,48.0,125.0,55.0,41.0,127.0,50.0,36.0,127.0,169.0,120.0,111.0,228.0,176.0,170.0,96.0,55.0,156.0,61.0,43.0,208.0,summer
20.0,18.0,194.0,46.0,42.0,212.0,44.0,43.0,159.0,45.0,44.0,161.0,213.0,203.0,204.0,193.0,164.0,147.0,103.0,56.0,175.0,74.0,67.0,226.0,summer
67.0,51.0,190.0,74.0,54.0,175.0,51.0,44.0,125.0,46.0,39.0,134.0,227.0,174.0,171.0,229.0,177.0,179.0,117.0,45.0,140.0,63.0,47.0,220.0,summer
73.0,59.0,172.0,113.0,95.0,184.0,68.0,51.0,135.0,72.0,55.0,141.0,232.0,200.0,179.0,213.0,180.0,163.0,127.0,88.0,167.0,69.0,59.0,224.0,summer
100.0,81.0,179.0,105.0,84.0,153.0,55.0,38.0,136.0,61.0,45.0,133.0,198.0,153.0,130.0,199.0,157.0,133.0,98.0,71.0,160.0,59.0,46.0,213.0,summer
75.0,60.0,193.0,35.0,28.0,200.0,42.0,38.0,160.0,41.0,39.0,156.0,213.0,201.0,228.0,200.0,177.0,186.0,91.0,36.0,160.0,57.0,51.0,231.0,summer
87.0,64.0,144.0,136.0,117.0,186.0,83.0,66.0,143.0,84.0,68.0,164.0,225.0,196.0,192.0,225.0,194.0,190.0,125.0,88.0,190.0,96.0,85.0,228.0,summer
72.0,61.0,204.0,95.0,80.0,193.0,65.0,54.0,159.0,67.0,54.0,153.0,206.0,168.0,152.0,239.0,202.0,191.0,125.0,87.0,181.0,82.0,67.0,210.0,summer
69.0,57.0,163.0,31.0,25.0,193.0,29.0,21.0,164.0,32.0,23.0,154.0,173.0,143.0,128.0,176.0,147.0,131.0,89.0,65.0,164.0,54.0,43.0,207.0,summer
91.0,65.0,147.0,79.0,61.0,202.0,73.0,61.0,155.0,74.0,63.0,160.0,245.0,215.0,207.0,232.0,188.0,172.0,121.0,74.0,171.0,89.0,74.0,219.0,summer
59.0,50.0,180.0,64.0,54.0,165.0,65.0,54.0,135.0,46.0,37.0,152.0,205.0,173.0,184.0,217.0,185.0,195.0,107.0,38.0,172.0,67.0,56.0,221.0,summer
90.0,83.0,179.0,68.0,58.0,203.0,58.0,50.0,152.0,64.0,54.0,147.0,228.0,206.0,209.0,212.0,196.0,210.0,116.0,74.0,187.0,86.0,75.0,224.0,summer
27.0,21.0,208.0,32.0,26.0,225.0,46.0,43.0,164.0,53.0,48.0,172.0,211.0,184.0,196.0,215.0,189.0,198.0,89.0,29.0,193.0,112.0,98.0,222.0,summer
34.0,27.0,175.0,58.0,49.0,139.0,79.0,69.0,162.0,88.0,75.0,165.0,225.0,184.0,175.0,229.0,189.0,177.0,119.0,61.0,154.0,88.0,70.0,218.0,summer
87.0,69.0,177.0,89.0,72.0,193.0,68.0,56.0,142.0,73.0,61.0,143.0,232.0,202.0,191.0,220.0,184.0,171.0,112.0,69.0,158.0,73.0,61.0,222.0,summer
90.0,83.0,156.0,58.0,49.0,152.0,67.0,64.0,161.0,60.0,56.0,140.0,141.0,120.0,121.0,166.0,149.0,163.0,101.0,73.0,165.0,76.0,66.0,192.0,summer
90.0,82.0,194.0,83.0,75.0,205.0,74.0,72.0,164.0,81.0,77.0,166.0,234.0,214.0,214.0,214.0,199.0,202.0,108.0,66.0,183.0,82.0,75.0,232.0,summer
75.0,58.0,178.0,90.0,70.0,181.0,84.0,71.0,147.0,80.0,68.0,155.0,236.0,200.0,187.0,242.0,210.0,197.0,120.0,86.0,178.0,80.0,67.0,228.0,summer
76.0,60.0,186.0,101.0,81.0,166.0,87.0,66.0,124.0,78.0,61.0,139.0,204.0,158.0,139.0,218.0,171.0,153.0,105.0,76.0,161.0,76.0,59.0,207.0,summer
70.0,57.0,194.0,68.0,53.0,162.0,66.0,54.0,141.0,58.0,48.0,148.0,219.0,189.0,193.0,230.0,204.0,208.0,132.0,86.0,189.0,60.0,51.0,232.0,summer
54.0,46.0,171.0,45.0,38.0,187.0,74.0,64.0,157.0,73.0,62.0,169.0,201.0,173.0,170.0,214.0,201.0,196.0,93.0,71.0,178.0,117.0,108.0,219.0,summer
108.0,94.0,180.0,103.0,94.0,219.0,61.0,59.0,158.0,75.0,72.0,161.0,240.0,235.0,236.0,191.0,179.0,180.0,121.0,81.0,179.0,74.0,71.0,241.0,summer
31.0,23.0,125.0,20.0,13.0,137.0,39.0,29.0,114.0,30.0,18.0,88.0,162.0,136.0,117.0,166.0,139.0,119.0,79.0,56.0,144.0,72.0,63.0,207.0,summer
73.0,57.0,203.0,110.0,87.0,189.0,47.0,36.0,146.0,52.0,43.0,163.0,229.0,198.0,204.0,236.0,210.0,215.0,138.0,78.0,187.0,58.0,49.0,233.0,summer
54.0,38.0,141.0,91.0,68.0,147.0,63.0,51.0,128.0,58.0,47.0,136.0,228.0,198.0,189.0,219.0,187.0,176.0,107.0,48.0,152.0,65.0,54.0,227.0,summer
90.0,75.0,209.0,79.0,61.0,181.0,100.0,85.0,177.0,87.0,71.0,156.0,240.0,202.0,169.0,249.0,227.0,193.0,113.0,77.0,182.0,87.0,75.0,223.0,summer
83.0,70.0,186.0,99.0,80.0,179.0,48.0,40.0,189.0,68.0,54.0,140.0,179.0,147.0,131.0,213.0,193.0,196.0,113.0,82.0,174.0,112.0,90.0,184.0,summer
77.0,49.0,169.0,53.0,28.0,160.0,49.0,27.0,112.0,51.0,27.0,105.0,194.0,126.0,103.0,203.0,145.0,125.0,87.0,41.0,139.0,57.0,35.0,194.0,summer
88.0,64.0,181.0,78.0,55.0,188.0,75.0,58.0,158.0,82.0,66.0,170.0,219.0,172.0,165.0,214.0,164.0,157.0,111.0,67.0,149.0,66.0,53.0,225.0,summer
75.0,61.0,189.0,103.0,87.0,174.0,86.0,76.0,158.0,72.0,60.0,156.0,234.0,203.0,195.0,243.0,213.0,206.0,143.0,76.0,179.0,75.0,65.0,232.0,summer
75.0,63.0,169.0,37.0,33.0,209.0,58.0,49.0,142.0,58.0,48.0,149.0,147.0,133.0,130.0,232.0,205.0,197.0,113.0,75.0,173.0,84.0,72.0,223.0,summer
55.0,38.0,143.0,65.0,51.0,191.0,59.0,48.0,133.0,65.0,52.0,152.0,214.0,175.0,153.0,179.0,146.0,164.0,123.0,79.0,148.0,95.0,77.0,210.0,summer
92.0,66.0,165.0,59.0,45.0,210.0,50.0,36.0,171.0,59.0,41.0,148.0,213.0,174.0,162.0,207.0,163.0,156.0,100.0,54.0,159.0,102.0,79.0,201.0,summer
55.0,44.0,171.0,110.0,94.0,172.0,64.0,58.0,132.0,72.0,65.0,155.0,231.0,205.0,181.0,191.0,159.0,137.0,110.0,70.0,156.0,73.0,61.0,217.0,summer
69.0,57.0,202.0,92.0,76.0,194.0,65.0,56.0,150.0,58.0,49.0,150.0,210.0,184.0,188.0,230.0,207.0,203.0,110.0,60.0,152.0,81.0,70.0,212.0,summer
65.0,49.0,156.0,64.0,52.0,188.0,53.0,45.0,132.0,56.0,49.0,135.0,215.0,196.0,202.0,208.0,182.0,187.0,101.0,46.0,145.0,75.0,66.0,218.0,summer
90.0,73.0,199.0,81.0,61.0,150.0,104.0,85.0,164.0,80.0,62.0,151.0,210.0,175.0,176.0,185.0,162.0,166.0,117.0,67.0,190.0,57.0,48.0,235.0,summer
43.0,33.0,175.0,88.0,75.0,202.0,59.0,49.0,149.0,63.0,53.0,154.0,224.0,201.0,190.0,200.0,170.0,157.0,96.0,69.0,169.0,67.0,58.0,220.0,summer
82.0,67.0,198.0,94.0,74.0,172.0,51.0,39.0,129.0,46.0,37.0,131.0,208.0,173.0,174.0,218.0,182.0,183.0,111.0,70.0,179.0,73.0,62.0,220.0,summer
87.0,60.0,187.0,116.0,84.0,170.0,65.0,47.0,132.0,69.0,48.0,145.0,229.0,190.0,185.0,232.0,195.0,191.0,124.0,75.0,179.0,71.0,59.0,229.0,summer
63.0,46.0,146.0,85.0,68.0,180.0,70.0,48.0,130.0,83.0,61.0,145.0,210.0,174.0,160.0,216.0,178.0,164.0,96.0,68.0,173.0,113.0,92.0,195.0,summer
60.0,42.0,181.0,86.0,59.0,178.0,107.0,87.0,180.0,130.0,103.0,166.0,247.0,212.0,196.0,247.0,212.0,198.0,147.0,90.0,194.0,104.0,86.0,223.0,summer
70.0,63.0,194.0,68.0,64.0,203.0,65.0,58.0,160.0,59.0,55.0,144.0,228.0,207.0,206.0,204.0,182.0,182.0,107.0,74.0,171.0,100.0,93.0,225.0,summer
105.0,86.0,194.0,121.0,103.0,188.0,80.0,63.0,141.0,74.0,58.0,161.0,217.0,180.0,164.0,238.0,198.0,180.0,113.0,85.0,154.0,85.0,69.0,206.0,summer
58.0,48.0,165.0,54.0,48.0,148.0,56.0,51.0,134.0,46.0,42.0,138.0,200.0,180.0,182.0,206.0,180.0,177.0,86.0,36.0,149.0,36.0,32.0,233.0,summer
89.0,78.0,177.0,93.0,82.0,172.0,70.0,61.0,145.0,74.0,66.0,150.0,209.0,187.0,176.0,210.0,190.0,182.0,111.0,91.0,182.0,81.0,71.0,217.0,summer
82.0,62.0,172.0,89.0,71.0,198.0,75.0,63.0,151.0,80.0,66.0,148.0,234.0,203.0,196.0,217.0,177.0,168.0,139.0,75.0,156.0,75.0,63.0,223.0,summer
66.0,56.0,177.0,62.0,52.0,176.0,52.0,42.0,121.0,43.0,35.0,129.0,200.0,172.0,158.0,206.0,183.0,171.0,102.0,79.0,158.0,63.0,54.0,219.0,summer
51.0,38.0,188.0,51.0,38.0,175.0,56.0,46.0,142.0,59.0,47.0,135.0,195.0,163.0,170.0,197.0,167.0,173.0,99.0,49.0,140.0,64.0,51.0,215.0,summer
72.0,61.0,203.0,50.0,40.0,187.0,64.0,56.0,161.0,51.0,42.0,143.0,181.0,140.0,134.0,228.0,200.0,192.0,90.0,53.0,166.0,64.0,47.0,205.0,summer
90.0,68.0,158.0,103.0,82.0,182.0,57.0,47.0,136.0,59.0,50.0,143.0,233.0,201.0,195.0,220.0,183.0,175.0,124.0,74.0,172.0,76.0,67.0,232.0,summer
85.0,71.0,202.0,76.0,63.0,203.0,80.0,74.0,184.0,77.0,73.0,180.0,241.0,224.0,240.0,224.0,200.0,215.0,116.0,62.0,202.0,50.0,44.0,241.0,summer
48.0,37.0,143.0,72.0,59.0,189.0,50.0,41.0,126.0,60.0,50.0,137.0,229.0,197.0,195.0,213.0,186.0,188.0,122.0,51.0,161.0,81.0,67.0,225.0,summer
63.0,50.0,203.0,70.0,57.0,193.0,66.0,54.0,167.0,56.0,45.0,162.0,215.0,176.0,165.0,249.0,217.0,202.0,136.0,80.0,172.0,85.0,70.0,221.0,summer
37.0,30.0,185.0,53.0,45.0,166.0,54.0,47.0,151.0,47.0,41.0,163.0,177.0,159.0,145.0,182.0,163.0,149.0,90.0,62.0,155.0,48.0,42.0,220.0,summer
40.0,36.0,201.0,46.0,42.0,216.0,39.0,36.0,170.0,40.0,35.0,182.0,155.0,139.0,130.0,198.0,178.0,170.0,79.0,43.0,191.0,54.0,48.0,226.0,summer
68.0,52.0,128.0,78.0,66.0,197.0,61.0,50.0,135.0,73.0,61.0,150.0,201.0,173.0,170.0,147.0,125.0,165.0,114.0,77.0,168.0,91.0,77.0,211.0,summer
89.0,84.0,195.0,113.0,102.0,187.0,101.0,92.0,164.0,97.0,83.0,137.0,215.0,194.0,182.0,222.0,210.0,204.0,121.0,98.0,174.0,107.0,97.0,220.0,summer
76.0,60.0,202.0,129.0,108.0,196.0,101.0,87.0,167.0,98.0,82.0,152.0,233.0,204.0,203.0,238.0,208.0,208.0,127.0,85.0,186.0,95.0,83.0,225.0,summer
71.0,54.0,131.0,73.0,55.0,160.0,74.0,61.0,148.0,80.0,62.0,127.0,223.0,183.0,155.0,205.0,166.0,139.0,107.0,60.0,151.0,61.0,49.0,218.0,summer
66.0,56.0,188.0,100.0,84.0,189.0,70.0,58.0,150.0,82.0,65.0,141.0,215.0,189.0,178.0,207.0,184.0,178.0,108.0,80.0,165.0,107.0,91.0,198.0,summer
94.0,73.0,171.0,132.0,108.0,186.0,68.0,52.0,132.0,75.0,56.0,148.0,235.0,204.0,198.0,229.0,196.0,193.0,139.0,103.0,195.0,95.0,81.0,224.0,summer
98.0,73.0,171.0,71.0,53.0,194.0,65.0,50.0,131.0,66.0,52.0,131.0,234.0,197.0,163.0,244.0,210.0,177.0,107.0,66.0,149.0,75.0,62.0,217.0,summer
87.0,71.0,156.0,70.0,56.0,165.0,58.0,43.0,110.0,52.0,39.0,115.0,212.0,173.0,158.0,224.0,188.0,176.0,91.0,57.0,156.0,68.0,54.0,211.0,summer
70.0,60.0,222.0,59.0,49.0,165.0,76.0,64.0,165.0,35.0,27.0,169.0,221.0,183.0,190.0,238.0,207.0,211.0,136.0,89.0,185.0,44.0,37.0,240.0,summer
66.0,56.0,161.0,95.0,83.0,168.0,58.0,48.0,120.0,56.0,49.0,154.0,216.0,193.0,179.0,228.0,208.0,196.0,126.0,93.0,170.0,89.0,80.0,223.0,summer
60.0,49.0,198.0,133.0,117.0,193.0,63.0,52.0,142.0,67.0,56.0,160.0,224.0,204.0,203.0,224.0,208.0,205.0,121.0,87.0,170.0,104.0,92.0,214.0,summer
51.0,45.0,178.0,64.0,58.0,212.0,45.0,40.0,169.0,62.0,54.0,144.0,223.0,210.0,204.0,205.0,187.0,176.0,91.0,61.0,178.0,96.0,84.0,210.0,summer
98.0,75.0,157.0,71.0,54.0,193.0,52.0,45.0,136.0,59.0,50.0,145.0,221.0,191.0,197.0,223.0,201.0,207.0,122.0,68.0,180.0,87.0,79.0,232.0,summer
48.0,42.0,163.0,60.0,54.0,194.0,43.0,37.0,117.0,48.0,42.0,137.0,161.0,144.0,136.0,148.0,128.0,119.0,71.0,50.0,155.0,67.0,59.0,216.0,summer
63.0,60.0,128.0,47.0,46.0,180.0,52.0,52.0,134.0,58.0,59.0,147.0,219.0,211.0,214.0,199.0,184.0,183.0,111.0,94.0,190.0,85.0,82.0,236.0,summer
77.0,66.0,172.0,78.0,66.0,196.0,67.0,60.0,157.0,67.0,58.0,145.0,229.0,211.0,229.0,218.0,197.0,215.0,114.0,49.0,171.0,75.0,67.0,231.0,summer
72.0,56.0,141.0,83.0,71.0,207.0,37.0,29.0,143.0,56.0,41.0,129.0,240.0,213.0,216.0,145.0,114.0,121.0,82.0,44.0,145.0,84.0,70.0,205.0,summer
70.0,45.0,164.0,98.0,76.0,202.0,70.0,45.0,132.0,70.0,48.0,155.0,233.0,182.0,168.0,210.0,144.0,128.0,124.0,71.0,151.0,82.0,60.0,206.0,summer
99.0,79.0,184.0,90.0,77.0,222.0,76.0,65.0,192.0,115.0,99.0,173.0,244.0,214.0,216.0,216.0,184.0,195.0,135.0,93.0,189.0,105.0,92.0,226.0,summer
89.0,72.0,167.0,81.0,65.0,185.0,56.0,42.0,136.0,73.0,56.0,127.0,205.0,161.0,138.0,192.0,152.0,131.0,127.0,81.0,155.0,103.0,82.0,192.0,summer
97.0,79.0,157.0,91.0,78.0,199.0,80.0,76.0,171.0,80.0,73.0,163.0,237.0,217.0,213.0,232.0,209.0,204.0,128.0,81.0,193.0,94.0,84.0,228.0,summer
97.0,83.0,206.0,110.0,86.0,171.0,62.0,56.0,145.0,57.0,49.0,141.0,239.0,210.0,204.0,243.0,217.0,212.0,134.0,85.0,184.0,70.0,60.0,229.0,summer
39.0,29.0,171.0,58.0,48.0,176.0,40.0,32.0,141.0,32.0,27.0,157.0,211.0,180.0,180.0,205.0,172.0,169.0,98.0,63.0,156.0,61.0,51.0,227.0,summer
56.0,47.0,190.0,103.0,91.0,205.0,62.0,50.0,167.0,48.0,39.0,168.0,219.0,185.0,174.0,191.0,169.0,194.0,116.0,53.0,157.0,115.0,103.0,217.0,spring
37.0,29.0,206.0,44.0,35.0,221.0,54.0,49.0,177.0,15.0,11.0,240.0,154.0,134.0,207.0,163.0,137.0,133.0,74.0,41.0,190.0,80.0,68.0,227.0,spring
50.0,42.0,154.0,49.0,41.0,198.0,68.0,64.0,176.0,73.0,68.0,173.0,243.0,225.0,218.0,233.0,214.0,204.0,98.0,75.0,204.0,96.0,88.0,230.0,spring
79.0,63.0,181.0,78.0,60.0,159.0,89.0,77.0,151.0,77.0,66.0,150.0,228.0,208.0,200.0,240.0,225.0,218.0,135.0,86.0,180.0,70.0,63.0,235.0,spring
61.0,40.0,188.0,96.0,68.0,169.0,58.0,46.0,144.0,63.0,52.0,152.0,210.0,179.0,176.0,228.0,203.0,206.0,114.0,45.0,155.0,75.0,62.0,225.0,spring
113.0,91.0,179.0,77.0,60.0,184.0,89.0,74.0,158.0,93.0,77.0,157.0,249.0,210.0,194.0,244.0,201.0,185.0,137.0,75.0,175.0,68.0,58.0,232.0,spring
89.0,69.0,164.0,46.0,34.0,173.0,51.0,42.0,127.0,49.0,41.0,132.0,204.0,171.0,167.0,212.0,181.0,179.0,120.0,89.0,184.0,72.0,59.0,219.0,spring
52.0,40.0,209.0,49.0,34.0,157.0,65.0,56.0,165.0,52.0,44.0,158.0,225.0,193.0,176.0,227.0,200.0,190.0,122.0,50.0,167.0,57.0,48.0,232.0,spring
101.0,86.0,183.0,31.0,24.0,170.0,58.0,53.0,166.0,50.0,42.0,134.0,240.0,217.0,205.0,229.0,194.0,174.0,113.0,64.0,189.0,56.0,49.0,237.0,spring
60.0,45.0,175.0,101.0,81.0,180.0,66.0,54.0,146.0,70.0,56.0,150.0,236.0,204.0,189.0,239.0,205.0,192.0,118.0,65.0,165.0,99.0,84.0,219.0,spring
54.0,41.0,189.0,79.0,62.0,188.0,56.0,49.0,140.0,58.0,49.0,162.0,228.0,190.0,178.0,242.0,208.0,197.0,123.0,69.0,167.0,93.0,81.0,224.0,spring
46.0,32.0,187.0,32.0,18.0,121.0,59.0,48.0,138.0,47.0,38.0,144.0,238.0,183.0,152.0,229.0,179.0,152.0,113.0,41.0,142.0,43.0,33.0,227.0,spring
85.0,73.0,194.0,60.0,52.0,204.0,66.0,57.0,145.0,67.0,59.0,156.0,231.0,210.0,210.0,226.0,203.0,202.0,121.0,58.0,167.0,78.0,70.0,226.0,spring
39.0,29.0,221.0,42.0,32.0,221.0,-1,-1,-1,34.0,30.0,235.0,218.0,187.0,192.0,38.0,35.0,248.0,89.0,45.0,205.0,42.0,38.0,248.0,spring
87.0,71.0,149.0,109.0,88.0,191.0,71.0,62.0,152.0,84.0,73.0,162.0,248.0,214.0,200.0,227.0,190.0,178.0,137.0,66.0,172.0,84.0,76.0,232.0,spring
55.0,48.0,225.0,50.0,43.0,210.0,54.0,45.0,172.0,44.0,37.0,179.0,195.0,171.0,161.0,232.0,209.0,206.0,103.0,64.0,178.0,45.0,39.0,236.0,spring
48.0,39.0,154.0,36.0,26.0,119.0,70.0,61.0,145.0,55.0,46.0,132.0,202.0,167.0,124.0,244.0,229.0,210.0,114.0,81.0,174.0,73.0,64.0,220.0,spring
60.0,38.0,146.0,89.0,63.0,167.0,66.0,54.0,142.0,52.0,41.0,140.0,206.0,160.0,148.0,166.0,135.0,179.0,114.0,62.0,136.0,103.0,84.0,208.0,spring
79.0,63.0,172.0,65.0,55.0,222.0,99.0,84.0,183.0,80.0,65.0,174.0,250.0,226.0,224.0,231.0,201.0,199.0,136.0,50.0,159.0,94.0,80.0,226.0,spring
61.0,54.0,171.0,68.0,58.0,220.0,49.0,38.0,155.0,85.0,72.0,165.0,243.0,224.0,225.0,215.0,218.0,227.0,131.0,75.0,168.0,114.0,103.0,223.0,spring
40.0,29.0,199.0,60.0,44.0,173.0,49.0,39.0,142.0,41.0,32.0,131.0,235.0,192.0,163.0,229.0,198.0,178.0,114.0,50.0,162.0,83.0,72.0,228.0,spring
94.0,64.0,137.0,78.0,50.0,138.0,72.0,57.0,154.0,82.0,64.0,148.0,234.0,193.0,175.0,229.0,189.0,174.0,127.0,63.0,163.0,70.0,57.0,226.0,spring
46.0,37.0,223.0,42.0,37.0,229.0,21.0,17.0,245.0,71.0,61.0,181.0,230.0,209.0,206.0,173.0,158.0,221.0,111.0,67.0,169.0,51.0,44.0,242.0,spring
96.0,67.0,185.0,119.0,85.0,174.0,80.0,58.0,143.0,85.0,61.0,146.0,241.0,190.0,179.0,242.0,194.0,185.0,135.0,79.0,176.0,84.0,68.0,228.0,spring
98.0,65.0,132.0,90.0,63.0,180.0,81.0,69.0,146.0,74.0,64.0,159.0,220.0,183.0,175.0,218.0,186.0,179.0,130.0,63.0,169.0,99.0,85.0,221.0,spring
69.0,52.0,159.0,76.0,63.0,199.0,84.0,72.0,145.0,82.0,70.0,163.0,173.0,134.0,113.0,213.0,174.0,148.0,124.0,72.0,166.0,91.0,78.0,218.0,spring
106.0,82.0,176.0,90.0,72.0,169.0,80.0,57.0,121.0,77.0,58.0,124.0,230.0,200.0,189.0,235.0,190.0,164.0,129.0,84.0,169.0,80.0,65.0,213.0,spring
82.0,69.0,164.0,35.0,27.0,179.0,27.0,20.0,166.0,40.0,29.0,114.0,210.0,183.0,176.0,201.0,173.0,159.0,100.0,61.0,155.0,68.0,58.0,221.0,spring
119.0,90.0,171.0,93.0,69.0,170.0,74.0,59.0,149.0,68.0,54.0,134.0,232.0,184.0,163.0,244.0,198.0,180.0,113.0,66.0,155.0,68.0,50.0,218.0,spring
37.0,29.0,206.0,44.0,35.0,221.0,54.0,49.0,177.0,15.0,11.0,240.0,154.0,134.0,207.0,163.0,137.0,133.0,74.0,41.0,190.0,80.0,68.0,227.0,spring
83.0,68.0,150.0,112.0,91.0,189.0,73.0,63.0,150.0,88.0,76.0,165.0,248.0,214.0,200.0,228.0,191.0,179.0,137.0,65.0,171.0,84.0,76.0,231.0,spring
83.0,75.0,188.0,68.0,60.0,170.0,66.0,60.0,147.0,65.0,56.0,133.0,208.0,173.0,155.0,237.0,206.0,191.0,133.0,79.0,159.0,76.0,64.0,212.0,spring
92.0,77.0,208.0,75.0,59.0,165.0,80.0,65.0,137.0,80.0,65.0,124.0,219.0,185.0,172.0,245.0,213.0,197.0,129.0,97.0,182.0,69.0,57.0,220.0,spring
50.0,40.0,209.0,40.0,32.0,220.0,94.0,81.0,185.0,32.0,26.0,208.0,210.0,173.0,163.0,222.0,189.0,168.0,71.0,38.0,200.0,82.0,65.0,212.0,spring
64.0,53.0,178.0,53.0,45.0,168.0,70.0,61.0,151.0,65.0,59.0,148.0,220.0,203.0,188.0,224.0,199.0,181.0,114.0,58.0,163.0,67.0,61.0,230.0,spring
98.0,82.0,191.0,79.0,63.0,182.0,79.0,64.0,148.0,76.0,63.0,138.0,233.0,202.0,185.0,231.0,199.0,181.0,128.0,79.0,158.0,73.0,59.0,214.0,spring
65.0,49.0,197.0,66.0,47.0,168.0,82.0,69.0,158.0,75.0,62.0,161.0,236.0,189.0,177.0,248.0,211.0,204.0,114.0,37.0,149.0,62.0,52.0,231.0,spring
54.0,43.0,201.0,45.0,37.0,219.0,79.0,68.0,174.0,67.0,56.0,180.0,234.0,207.0,198.0,224.0,194.0,168.0,91.0,60.0,197.0,102.0,88.0,221.0,spring
65.0,53.0,199.0,91.0,77.0,191.0,68.0,53.0,147.0,58.0,44.0,166.0,209.0,171.0,156.0,215.0,182.0,167.0,127.0,88.0,173.0,92.0,78.0,218.0,spring
40.0,30.0,203.0,25.0,16.0,168.0,27.0,20.0,212.0,65.0,52.0,175.0,206.0,173.0,171.0,174.0,147.0,193.0,93.0,60.0,192.0,69.0,58.0,228.0,spring
63.0,48.0,156.0,58.0,46.0,182.0,31.0,21.0,163.0,50.0,34.0,107.0,220.0,183.0,165.0,199.0,158.0,135.0,107.0,67.0,166.0,83.0,69.0,213.0,spring
85.0,63.0,184.0,64.0,46.0,172.0,67.0,51.0,149.0,74.0,57.0,149.0,217.0,184.0,168.0,239.0,208.0,190.0,109.0,63.0,162.0,46.0,38.0,232.0,spring
105.0,82.0,195.0,58.0,35.0,132.0,103.0,79.0,159.0,95.0,69.0,146.0,245.0,204.0,203.0,247.0,205.0,208.0,122.0,76.0,171.0,82.0,65.0,228.0,spring
90.0,75.0,195.0,65.0,49.0,153.0,63.0,49.0,138.0,63.0,48.0,112.0,214.0,179.0,168.0,219.0,184.0,172.0,117.0,72.0,167.0,49.0,40.0,229.0,spring
78.0,63.0,196.0,69.0,55.0,180.0,38.0,24.0,128.0,46.0,32.0,134.0,230.0,189.0,180.0,227.0,186.0,175.0,131.0,82.0,174.0,55.0,44.0,230.0,spring
103.0,89.0,191.0,50.0,40.0,167.0,45.0,43.0,163.0,48.0,44.0,137.0,213.0,193.0,189.0,225.0,206.0,201.0,102.0,51.0,168.0,61.0,55.0,235.0,spring
96.0,79.0,196.0,72.0,56.0,162.0,55.0,43.0,131.0,61.0,46.0,122.0,221.0,179.0,180.0,230.0,197.0,199.0,135.0,79.0,165.0,79.0,67.0,230.0,spring
39.0,29.0,184.0,51.0,38.0,194.0,27.0,20.0,117.0,28.0,20.0,142.0,167.0,122.0,76.0,61.0,47.0,173.0,72.0,39.0,156.0,67.0,53.0,210.0,spring
47.0,40.0,158.0,41.0,33.0,183.0,37.0,31.0,120.0,51.0,43.0,133.0,230.0,192.0,186.0,229.0,191.0,185.0,113.0,81.0,170.0,83.0,70.0,214.0,spring
87.0,76.0,162.0,56.0,48.0,199.0,61.0,51.0,140.0,55.0,47.0,149.0,224.0,198.0,187.0,218.0,191.0,179.0,120.0,90.0,183.0,82.0,71.0,216.0,spring
44.0,32.0,137.0,86.0,68.0,164.0,35.0,31.0,123.0,59.0,50.0,139.0,210.0,171.0,160.0,160.0,123.0,112.0,97.0,53.0,139.0,65.0,51.0,214.0,spring
112.0,93.0,181.0,85.0,69.0,168.0,94.0,78.0,154.0,85.0,71.0,161.0,235.0,209.0,197.0,224.0,192.0,176.0,112.0,75.0,181.0,99.0,84.0,216.0,spring
61.0,55.0,160.0,62.0,52.0,221.0,58.0,54.0,157.0,76.0,68.0,176.0,240.0,212.0,199.0,204.0,165.0,150.0,129.0,87.0,172.0,116.0,100.0,216.0,spring
66.0,59.0,200.0,47.0,41.0,176.0,66.0,62.0,146.0,57.0,53.0,142.0,223.0,207.0,205.0,209.0,189.0,183.0,110.0,56.0,165.0,38.0,33.0,231.0,spring
88.0,76.0,216.0,74.0,57.0,176.0,96.0,81.0,168.0,73.0,59.0,146.0,233.0,194.0,192.0,237.0,202.0,201.0,131.0,70.0,179.0,56.0,45.0,231.0,spring
104.0,88.0,196.0,101.0,78.0,149.0,81.0,68.0,151.0,76.0,63.0,150.0,245.0,215.0,197.0,248.0,221.0,205.0,140.0,104.0,201.0,57.0,48.0,238.0,spring
90.0,76.0,191.0,58.0,41.0,166.0,80.0,65.0,143.0,67.0,52.0,130.0,193.0,150.0,131.0,232.0,198.0,187.0,100.0,50.0,145.0,66.0,51.0,210.0,spring
110.0,88.0,168.0,68.0,46.0,125.0,71.0,52.0,138.0,17.0,14.0,240.0,141.0,118.0,189.0,231.0,196.0,178.0,102.0,56.0,161.0,66.0,55.0,224.0,spring
65.0,49.0,177.0,64.0,49.0,177.0,79.0,62.0,143.0,67.0,54.0,147.0,218.0,184.0,182.0,228.0,201.0,199.0,127.0,92.0,178.0,88.0,73.0,218.0,spring
39.0,29.0,178.0,42.0,33.0,163.0,51.0,43.0,144.0,51.0,45.0,154.0,194.0,164.0,158.0,219.0,186.0,177.0,117.0,73.0,168.0,50.0,41.0,229.0,spring
106.0,88.0,185.0,84.0,68.0,174.0,88.0,76.0,157.0,87.0,76.0,150.0,235.0,209.0,202.0,229.0,200.0,190.0,128.0,82.0,182.0,51.0,45.0,237.0,spring
67.0,57.0,215.0,43.0,33.0,138.0,73.0,66.0,155.0,38.0,34.0,173.0,197.0,166.0,150.0,243.0,217.0,204.0,103.0,60.0,148.0,38.0,32.0,236.0,spring
60.0,43.0,108.0,81.0,59.0,140.0,52.0,39.0,145.0,57.0,40.0,131.0,238.0,202.0,182.0,222.0,183.0,163.0,132.0,96.0,186.0,71.0,60.0,228.0,spring
49.0,35.0,173.0,75.0,63.0,207.0,36.0,29.0,126.0,50.0,39.0,155.0,218.0,178.0,129.0,212.0,186.0,151.0,100.0,67.0,176.0,84.0,72.0,220.0,spring
84.0,60.0,147.0,71.0,58.0,205.0,63.0,51.0,155.0,71.0,57.0,153.0,236.0,216.0,202.0,217.0,188.0,174.0,103.0,61.0,177.0,88.0,74.0,218.0,spring
87.0,66.0,146.0,77.0,58.0,158.0,55.0,46.0,137.0,53.0,44.0,134.0,190.0,156.0,138.0,203.0,173.0,159.0,93.0,54.0,154.0,65.0,52.0,213.0,spring
83.0,72.0,198.0,69.0,57.0,175.0,75.0,67.0,165.0,77.0,67.0,150.0,226.0,201.0,194.0,233.0,211.0,207.0,111.0,69.0,175.0,62.0,55.0,234.0,spring
69.0,54.0,194.0,102.0,82.0,198.0,72.0,56.0,139.0,71.0,57.0,156.0,242.0,204.0,180.0,235.0,191.0,173.0,137.0,97.0,186.0,73.0,60.0,224.0,spring
71.0,53.0,135.0,109.0,83.0,129.0,79.0,57.0,103.0,71.0,50.0,118.0,203.0,168.0,139.0,189.0,154.0,124.0,109.0,78.0,143.0,77.0,64.0,210.0,spring
36.0,28.0,111.0,43.0,37.0,188.0,34.0,29.0,124.0,41.0,36.0,127.0,209.0,173.0,160.0,166.0,134.0,119.0,82.0,55.0,148.0,76.0,62.0,199.0,spring
81.0,72.0,197.0,75.0,61.0,149.0,76.0,63.0,147.0,61.0,52.0,145.0,207.0,184.0,167.0,227.0,208.0,191.0,122.0,75.0,166.0,50.0,44.0,231.0,spring
78.0,55.0,142.0,95.0,73.0,179.0,55.0,39.0,149.0,78.0,53.0,107.0,228.0,185.0,175.0,233.0,188.0,185.0,130.0,72.0,162.0,97.0,80.0,216.0,spring
52.0,39.0,199.0,103.0,81.0,173.0,58.0,48.0,161.0,62.0,51.0,164.0,233.0,196.0,176.0,236.0,200.0,182.0,128.0,67.0,174.0,76.0,63.0,223.0,spring
33.0,27.0,204.0,37.0,31.0,218.0,63.0,55.0,162.0,20.0,17.0,221.0,199.0,179.0,195.0,233.0,234.0,234.0,77.0,48.0,184.0,84.0,73.0,220.0,spring
94.0,82.0,201.0,59.0,43.0,170.0,81.0,66.0,154.0,63.0,49.0,135.0,205.0,166.0,153.0,249.0,223.0,215.0,109.0,61.0,156.0,71.0,57.0,217.0,spring
90.0,59.0,127.0,93.0,68.0,171.0,85.0,70.0,164.0,93.0,76.0,139.0,240.0,205.0,186.0,230.0,194.0,174.0,126.0,50.0,155.0,87.0,75.0,220.0,spring
88.0,69.0,157.0,88.0,66.0,150.0,59.0,50.0,144.0,57.0,46.0,134.0,191.0,160.0,142.0,210.0,183.0,171.0,97.0,58.0,158.0,65.0,53.0,215.0,spring
119.0,92.0,174.0,84.0,71.0,227.0,76.0,62.0,147.0,65.0,53.0,162.0,237.0,200.0,182.0,202.0,156.0,138.0,105.0,58.0,184.0,91.0,75.0,226.0,spring
88.0,63.0,166.0,97.0,72.0,192.0,75.0,64.0,146.0,76.0,63.0,157.0,236.0,193.0,176.0,182.0,150.0,177.0,133.0,74.0,153.0,110.0,95.0,219.0,spring
59.0,47.0,194.0,42.0,37.0,223.0,60.0,53.0,164.0,57.0,48.0,165.0,204.0,174.0,157.0,121.0,104.0,214.0,158.0,83.0,160.0,79.0,71.0,238.0,spring
55.0,45.0,204.0,33.0,28.0,203.0,73.0,63.0,168.0,63.0,54.0,173.0,153.0,119.0,96.0,218.0,173.0,140.0,94.0,52.0,161.0,75.0,61.0,214.0,spring
72.0,50.0,148.0,86.0,66.0,188.0,52.0,37.0,122.0,79.0,64.0,133.0,237.0,196.0,167.0,213.0,159.0,123.0,129.0,68.0,141.0,79.0,65.0,215.0,spring
97.0,80.0,185.0,73.0,55.0,150.0,76.0,60.0,155.0,85.0,71.0,146.0,221.0,191.0,192.0,214.0,182.0,182.0,122.0,93.0,194.0,56.0,48.0,235.0,spring
101.0,89.0,181.0,36.0,28.0,150.0,61.0,54.0,136.0,46.0,41.0,135.0,210.0,176.0,175.0,228.0,205.0,207.0,102.0,64.0,171.0,83.0,69.0,226.0,spring
47.0,36.0,187.0,69.0,56.0,175.0,54.0,40.0,151.0,39.0,29.0,157.0,237.0,202.0,197.0,232.0,197.0,196.0,120.0,69.0,177.0,100.0,88.0,231.0,spring
86.0,72.0,178.0,30.0,22.0,147.0,57.0,48.0,131.0,38.0,32.0,135.0,199.0,161.0,159.0,227.0,200.0,201.0,100.0,62.0,161.0,81.0,67.0,219.0,spring
95.0,72.0,163.0,54.0,39.0,170.0,84.0,63.0,158.0,88.0,65.0,147.0,236.0,192.0,186.0,241.0,199.0,194.0,140.0,95.0,184.0,87.0,68.0,219.0,spring
29.0,25.0,189.0,30.0,26.0,212.0,48.0,44.0,183.0,-1,-1,-1,143.0,131.0,209.0,116.0,106.0,99.0,53.0,33.0,206.0,69.0,62.0,220.0,spring
57.0,44.0,150.0,95.0,78.0,181.0,58.0,46.0,130.0,67.0,55.0,134.0,219.0,189.0,165.0,202.0,172.0,146.0,106.0,51.0,143.0,85.0,71.0,218.0,spring
29.0,24.0,201.0,47.0,36.0,209.0,45.0,38.0,171.0,47.0,36.0,188.0,178.0,138.0,113.0,165.0,164.0,164.0,53.0,40.0,168.0,68.0,54.0,200.0,spring
75.0,64.0,207.0,61.0,49.0,170.0,74.0,60.0,129.0,58.0,47.0,121.0,214.0,185.0,175.0,221.0,194.0,185.0,114.0,89.0,184.0,56.0,47.0,223.0,spring
80.0,63.0,174.0,76.0,61.0,175.0,82.0,69.0,153.0,84.0,72.0,155.0,241.0,201.0,193.0,240.0,198.0,188.0,139.0,88.0,176.0,70.0,59.0,232.0,spring
63.0,53.0,191.0,32.0,27.0,132.0,67.0,62.0,148.0,42.0,38.0,150.0,195.0,162.0,151.0,231.0,207.0,198.0,107.0,66.0,152.0,45.0,37.0,226.0,spring
85.0,64.0,169.0,95.0,72.0,182.0,66.0,59.0,151.0,71.0,61.0,144.0,230.0,188.0,179.0,230.0,192.0,183.0,119.0,62.0,159.0,68.0,51.0,222.0,spring
88.0,78.0,208.0,69.0,53.0,170.0,85.0,72.0,157.0,75.0,62.0,143.0,209.0,175.0,164.0,247.0,221.0,217.0,122.0,73.0,166.0,77.0,63.0,219.0,spring
45.0,40.0,182.0,98.0,87.0,176.0,56.0,51.0,133.0,52.0,46.0,149.0,213.0,194.0,180.0,229.0,208.0,193.0,104.0,59.0,156.0,80.0,71.0,220.0,spring
88.0,64.0,183.0,50.0,38.0,216.0,66.0,51.0,168.0,52.0,39.0,179.0,214.0,198.0,221.0,207.0,173.0,157.0,96.0,53.0,187.0,77.0,66.0,226.0,spring
89.0,69.0,164.0,46.0,34.0,173.0,51.0,42.0,127.0,49.0,41.0,132.0,204.0,171.0,167.0,212.0,181.0,179.0,120.0,89.0,184.0,72.0,59.0,219.0,spring
85.0,75.0,166.0,68.0,58.0,166.0,39.0,30.0,132.0,35.0,27.0,122.0,199.0,165.0,158.0,216.0,184.0,176.0,120.0,90.0,182.0,60.0,49.0,226.0,spring
65.0,54.0,215.0,35.0,27.0,224.0,48.0,40.0,185.0,25.0,19.0,211.0,228.0,214.0,222.0,204.0,184.0,181.0,60.0,28.0,204.0,69.0,60.0,230.0,spring
56.0,42.0,190.0,36.0,24.0,173.0,53.0,43.0,129.0,50.0,38.0,123.0,242.0,194.0,189.0,237.0,197.0,199.0,114.0,47.0,145.0,83.0,63.0,210.0,spring
33.0,22.0,179.0,88.0,67.0,157.0,69.0,52.0,155.0,74.0,55.0,148.0,237.0,208.0,196.0,157.0,125.0,144.0,116.0,66.0,161.0,101.0,82.0,204.0,spring
87.0,60.0,141.0,41.0,28.0,181.0,50.0,38.0,146.0,56.0,43.0,127.0,232.0,190.0,174.0,228.0,185.0,165.0,101.0,45.0,158.0,73.0,57.0,213.0,spring
62.0,49.0,145.0,75.0,63.0,182.0,37.0,32.0,145.0,56.0,47.0,122.0,211.0,171.0,149.0,177.0,141.0,123.0,100.0,45.0,138.0,68.0,55.0,210.0,spring
62.0,48.0,175.0,67.0,52.0,179.0,51.0,39.0,124.0,54.0,42.0,121.0,218.0,168.0,136.0,218.0,168.0,136.0,114.0,65.0,165.0,66.0,49.0,214.0,spring
80.0,60.0,176.0,50.0,37.0,205.0,54.0,45.0,166.0,55.0,44.0,157.0,213.0,179.0,177.0,187.0,159.0,161.0,89.0,53.0,163.0,81.0,65.0,211.0,spring
86.0,70.0,172.0,72.0,60.0,192.0,92.0,81.0,180.0,92.0,82.0,187.0,248.0,230.0,217.0,233.0,207.0,197.0,127.0,88.0,180.0,89.0,80.0,227.0,spring
51.0,39.0,210.0,48.0,33.0,160.0,66.0,55.0,164.0,50.0,41.0,162.0,220.0,188.0,170.0,227.0,200.0,190.0,114.0,49.0,171.0,57.0,48.0,232.0,spring
93.0,70.0,141.0,117.0,95.0,179.0,73.0,63.0,156.0,84.0,72.0,165.0,228.0,205.0,198.0,226.0,196.0,188.0,128.0,68.0,170.0,73.0,65.0,235.0,spring
39.0,34.0,205.0,29.0,25.0,193.0,47.0,49.0,180.0,42.0,43.0,174.0,168.0,147.0,132.0,115.0,104.0,206.0,85.0,43.0,160.0,57.0,51.0,225.0,spring
56.0,42.0,187.0,90.0,74.0,199.0,59.0,48.0,147.0,55.0,46.0,157.0,232.0,207.0,204.0,235.0,214.0,212.0,126.0,80.0,187.0,93.0,83.0,230.0,spring
95.0,72.0,182.0,93.0,72.0,194.0,47.0,36.0,149.0,54.0,41.0,135.0,230.0,187.0,183.0,230.0,188.0,182.0,127.0,86.0,176.0,74.0,61.0,226.0,spring
38.0,34.0,225.0,62.0,56.0,217.0,32.0,30.0,234.0,48.0,43.0,188.0,216.0,207.0,200.0,210.0,201.0,217.0,113.0,80.0,190.0,56.0,52.0,238.0,spring
49.0,34.0,127.0,53.0,41.0,173.0,38.0,28.0,146.0,50.0,35.0,131.0,241.0,208.0,198.0,210.0,178.0,166.0,110.0,57.0,172.0,69.0,58.0,226.0,spring
54.0,44.0,178.0,53.0,44.0,158.0,63.0,58.0,133.0,60.0,55.0,143.0,215.0,197.0,187.0,215.0,196.0,185.0,87.0,51.0,137.0,61.0,55.0,222.0,spring
33.0,21.0,204.0,39.0,30.0,226.0,60.0,45.0,162.0,44.0,33.0,196.0,153.0,126.0,196.0,186.0,135.0,115.0,52.0,29.0,209.0,79.0,63.0,220.0,spring
81.0,71.0,200.0,28.0,24.0,167.0,40.0,33.0,171.0,49.0,41.0,143.0,213.0,185.0,184.0,205.0,173.0,161.0,77.0,46.0,191.0,69.0,60.0,232.0,spring
54.0,45.0,179.0,67.0,57.0,188.0,47.0,43.0,131.0,55.0,51.0,132.0,228.0,191.0,182.0,231.0,193.0,187.0,109.0,60.0,163.0,70.0,61.0,219.0,spring
38.0,29.0,103.0,33.0,24.0,142.0,41.0,31.0,115.0,36.0,28.0,99.0,177.0,151.0,128.0,187.0,160.0,137.0,74.0,44.0,147.0,48.0,39.0,204.0,spring
60.0,51.0,189.0,83.0,72.0,169.0,50.0,42.0,127.0,42.0,35.0,131.0,197.0,170.0,162.0,210.0,183.0,176.0,93.0,49.0,156.0,67.0,58.0,215.0,spring
52.0,39.0,200.0,104.0,82.0,172.0,61.0,50.0,152.0,61.0,51.0,159.0,233.0,196.0,176.0,236.0,201.0,183.0,125.0,66.0,176.0,79.0,66.0,222.0,spring
100.0,85.0,162.0,73.0,61.0,180.0,86.0,77.0,168.0,88.0,81.0,158.0,209.0,177.0,163.0,220.0,193.0,179.0,116.0,76.0,164.0,81.0,69.0,214.0,spring
122.0,100.0,173.0,85.0,69.0,179.0,87.0,74.0,164.0,83.0,71.0,160.0,235.0,202.0,197.0,242.0,215.0,211.0,134.0,67.0,170.0,64.0,56.0,236.0,spring
65.0,54.0,154.0,58.0,48.0,166.0,55.0,51.0,152.0,62.0,56.0,148.0,179.0,156.0,142.0,210.0,194.0,182.0,100.0,68.0,167.0,84.0,75.0,203.0,spring
60.0,52.0,171.0,86.0,72.0,174.0,63.0,53.0,154.0,88.0,74.0,152.0,219.0,201.0,189.0,200.0,187.0,187.0,125.0,88.0,173.0,104.0,94.0,218.0,spring
69.0,57.0,189.0,62.0,51.0,213.0,70.0,61.0,177.0,21.0,17.0,212.0,242.0,208.0,194.0,233.0,207.0,192.0,71.0,37.0,200.0,91.0,71.0,214.0,spring
77.0,63.0,193.0,58.0,44.0,163.0,61.0,54.0,165.0,51.0,43.0,133.0,236.0,213.0,205.0,218.0,194.0,181.0,126.0,76.0,180.0,62.0,54.0,235.0,spring
39.0,26.0,202.0,54.0,38.0,212.0,72.0,56.0,172.0,75.0,57.0,170.0,245.0,218.0,209.0,148.0,111.0,100.0,94.0,47.0,193.0,95.0,81.0,225.0,spring
66.0,46.0,128.0,58.0,45.0,207.0,52.0,45.0,203.0,71.0,57.0,157.0,224.0,175.0,168.0,221.0,172.0,162.0,122.0,48.0,157.0,127.0,96.0,191.0,spring
53.0,41.0,196.0,78.0,60.0,162.0,61.0,49.0,139.0,53.0,43.0,151.0,206.0,164.0,147.0,230.0,188.0,177.0,119.0,76.0,167.0,65.0,51.0,219.0,spring
88.0,69.0,144.0,75.0,61.0,196.0,87.0,73.0,153.0,83.0,73.0,162.0,246.0,225.0,209.0,205.0,177.0,159.0,124.0,86.0,172.0,77.0,67.0,227.0,spring
